PassengerId,Sex,Age,SibSp,Parch,Fare,Cabin,genTitle,is_alone,Pclass_1,Pclass_2,Pclass_3,age_group_adult,age_group_child,age_group_elderly,age_group_infant,age_group_middleAged,age_group_senior,age_group_teenager,age_group_toddler,age_group_youngAdult,Embarked_C,Embarked_Q,Embarked_S,FamilySize_1,FamilySize_2,FamilySize_3,FamilySize_4,FamilySize_5,FamilySize_6,FamilySize_7,FamilySize_8,FamilySize_11,normFare,Survived
1,0,22.0,1,0,7.25,U,Mr,0,0,0,1,0,0,0,0,0,0,0,0,1,0,0,1,0,1,0,0,0,0,0,0,0,2.1102132003465894,0
2,1,38.0,1,0,71.2833,C,Mrs,0,1,0,0,1,0,0,0,0,0,0,0,0,1,0,0,0,1,0,0,0,0,0,0,0,4.2805931204649,1
3,1,26.0,0,0,7.925,U,Miss,1,0,0,1,0,0,0,0,0,0,0,0,1,0,0,1,1,0,0,0,0,0,0,0,0,2.188856327665703,1
4,1,35.0,1,0,53.1,C,Mrs,0,1,0,0,0,0,0,0,0,0,0,0,1,0,0,1,0,1,0,0,0,0,0,0,0,3.9908341858524357,1
5,0,35.0,0,0,8.05,U,Mr,1,0,0,1,0,0,0,0,0,0,0,0,1,0,0,1,1,0,0,0,0,0,0,0,0,2.2027647577118348,0
6,0,26.0,0,0,8.4583,U,Mr,1,0,0,1,0,0,0,0,0,0,0,0,1,0,1,0,1,0,0,0,0,0,0,0,0,2.246892662898172,0
7,0,54.0,0,0,51.8625,E,Mr,1,1,0,0,0,0,0,0,1,0,0,0,0,0,0,1,1,0,0,0,0,0,0,0,0,3.967694202798607,0
8,0,2.0,3,1,21.075,U,Master,0,0,0,1,0,0,0,0,0,0,0,1,0,0,0,1,0,0,0,0,1,0,0,0,0,3.0944457464900235,0
9,1,27.0,0,2,11.1333,U,Mrs,0,0,0,1,0,0,0,0,0,0,0,0,1,0,0,1,0,0,1,0,0,0,0,0,0,2.495953738718064,1
10,1,14.0,1,0,30.0708,U,Mrs,0,0,1,0,0,0,0,0,0,0,1,0,0,1,0,0,0,1,0,0,0,0,0,0,0,3.436268471383741,1
11,1,4.0,1,1,16.7,G,Miss,0,0,0,1,0,0,0,0,0,0,0,1,0,0,0,1,0,0,1,0,0,0,0,0,0,2.8735646395797834,1
12,1,58.0,0,0,26.55,C,Miss,1,1,0,0,0,0,0,0,0,1,0,0,0,0,0,1,1,0,0,0,0,0,0,0,0,3.3160025355989236,1
13,0,20.0,0,0,8.05,U,Mr,1,0,0,1,0,0,0,0,0,0,0,0,1,0,0,1,1,0,0,0,0,0,0,0,0,2.2027647577118348,0
14,0,39.0,1,5,31.275,U,Mr,0,0,0,1,1,0,0,0,0,0,0,0,0,0,0,1,0,0,0,0,0,0,1,0,0,3.4742929367327062,0
15,1,14.0,0,0,7.8542,U,Miss,1,0,0,1,0,0,0,0,0,0,1,0,0,0,0,1,1,0,0,0,0,0,0,0,0,2.180891922715322,0
16,1,55.0,0,0,16.0,U,Mrs,1,0,1,0,0,0,0,0,1,0,0,0,0,0,0,1,1,0,0,0,0,0,0,0,0,2.833213344056216,1
17,0,2.0,4,1,29.125,U,Master,0,0,0,1,0,0,0,0,0,0,0,1,0,0,1,0,0,0,0,0,0,1,0,0,0,3.405355391810819,0
18,0,30.0,0,0,13.0,U,Mr,1,0,1,0,0,0,0,0,0,0,0,0,1,0,0,1,1,0,0,0,0,0,0,0,0,2.6390573296152584,1
19,1,31.0,1,0,18.0,U,Mrs,0,0,0,1,0,0,0,0,0,0,0,0,1,0,0,1,0,1,0,0,0,0,0,0,0,2.9444389791664403,0
20,1,31.0,0,0,7.225,U,Mrs,1,0,0,1,0,0,0,0,0,0,0,0,1,1,0,0,1,0,0,0,0,0,0,0,0,2.1071782966514356,1
21,0,35.0,0,0,26.0,U,Mr,1,0,1,0,0,0,0,0,0,0,0,0,1,0,0,1,1,0,0,0,0,0,0,0,0,3.295836866004329,0
22,0,34.0,0,0,13.0,D,Mr,1,0,1,0,0,0,0,0,0,0,0,0,1,0,0,1,1,0,0,0,0,0,0,0,0,2.6390573296152584,1
23,1,15.0,0,0,8.0292,U,Miss,1,0,0,1,0,0,0,0,0,0,1,0,0,0,1,0,1,0,0,0,0,0,0,0,0,2.2004637699272855,1
24,0,28.0,0,0,35.5,A,Mr,1,1,0,0,0,0,0,0,0,0,0,0,1,0,0,1,1,0,0,0,0,0,0,0,0,3.597312260588446,1
25,1,8.0,3,1,21.075,U,Miss,0,0,0,1,0,1,0,0,0,0,0,0,0,0,0,1,0,0,0,0,1,0,0,0,0,3.0944457464900235,0
26,1,38.0,1,5,31.3875,U,Mrs,0,0,0,1,1,0,0,0,0,0,0,0,0,0,0,1,0,0,0,0,0,0,1,0,0,3.4777725458882283,1
27,0,26.0,0,0,7.225,U,Mr,1,0,0,1,0,0,0,0,0,0,0,0,1,1,0,0,1,0,0,0,0,0,0,0,0,2.1071782966514356,0
28,0,19.0,3,2,263.0,C,Mr,0,1,0,0,0,0,0,0,0,0,0,0,1,0,0,1,0,0,0,0,0,1,0,0,0,5.575949103146316,0
29,1,18.0,0,0,7.8792,U,Miss,1,0,0,1,0,0,0,0,0,0,1,0,0,0,1,0,1,0,0,0,0,0,0,0,0,2.1837114628556327,1
30,0,26.0,0,0,7.8958,U,Mr,1,0,0,1,0,0,0,0,0,0,0,0,1,0,0,1,1,0,0,0,0,0,0,0,0,2.1855792552411137,0
31,0,40.0,0,0,27.7208,U,Nobility,1,1,0,0,1,0,0,0,0,0,0,0,0,1,0,0,1,0,0,0,0,0,0,0,0,3.357621598945279,0
32,1,45.0,1,0,146.5208,B,Mrs,0,1,0,0,1,0,0,0,0,0,0,0,0,1,0,0,0,1,0,0,0,0,0,0,0,4.993969182787072,1
33,1,18.0,0,0,7.75,U,Miss,1,0,0,1,0,0,0,0,0,0,1,0,0,0,1,0,1,0,0,0,0,0,0,0,0,2.169053700369523,1
34,0,66.0,0,0,10.5,U,Mr,1,0,1,0,0,0,1,0,0,0,0,0,0,0,0,1,1,0,0,0,0,0,0,0,0,2.4423470353692043,0
35,0,28.0,1,0,82.1708,U,Mr,0,1,0,0,0,0,0,0,0,0,0,0,1,1,0,0,0,1,0,0,0,0,0,0,0,4.420896324687287,0
36,0,42.0,1,0,52.0,U,Mr,0,1,0,0,1,0,0,0,0,0,0,0,0,0,0,1,0,1,0,0,0,0,0,0,0,3.970291913552122,0
37,0,26.0,0,0,7.2292,U,Mr,1,0,0,1,0,0,0,0,0,0,0,0,1,1,0,0,1,0,0,0,0,0,0,0,0,2.1076888046179385,1
38,0,21.0,0,0,8.05,U,Mr,1,0,0,1,0,0,0,0,0,0,0,0,1,0,0,1,1,0,0,0,0,0,0,0,0,2.2027647577118348,0
39,1,18.0,2,0,18.0,U,Miss,0,0,0,1,0,0,0,0,0,0,1,0,0,0,0,1,0,0,1,0,0,0,0,0,0,2.9444389791664403,0
40,1,14.0,1,0,11.2417,U,Miss,0,0,0,1,0,0,0,0,0,0,1,0,0,1,0,0,0,1,0,0,0,0,0,0,0,2.5048481563289,1
41,1,40.0,1,0,9.475,U,Mrs,0,0,0,1,1,0,0,0,0,0,0,0,0,0,0,1,0,1,0,0,0,0,0,0,0,2.348991465808201,0
42,1,27.0,1,0,21.0,U,Mrs,0,0,1,0,0,0,0,0,0,0,0,0,1,0,0,1,0,1,0,0,0,0,0,0,0,3.091042453358316,0
43,0,26.0,0,0,7.8958,U,Mr,1,0,0,1,0,0,0,0,0,0,0,0,1,1,0,0,1,0,0,0,0,0,0,0,0,2.1855792552411137,0
44,1,3.0,1,2,41.5792,U,Miss,0,0,1,0,0,0,0,0,0,0,0,1,0,1,0,0,0,0,0,1,0,0,0,0,0,3.7513658711253766,1
45,1,19.0,0,0,7.8792,U,Miss,1,0,0,1,0,0,0,0,0,0,0,0,1,0,1,0,1,0,0,0,0,0,0,0,0,2.1837114628556327,1
46,0,26.0,0,0,8.05,U,Mr,1,0,0,1,0,0,0,0,0,0,0,0,1,0,0,1,1,0,0,0,0,0,0,0,0,2.2027647577118348,0
47,0,26.0,1,0,15.5,U,Mr,0,0,0,1,0,0,0,0,0,0,0,0,1,0,1,0,0,1,0,0,0,0,0,0,0,2.803360380906535,0
48,1,18.0,0,0,7.75,U,Miss,1,0,0,1,0,0,0,0,0,0,1,0,0,0,1,0,1,0,0,0,0,0,0,0,0,2.169053700369523,1
49,0,26.0,2,0,21.6792,U,Mr,0,0,0,1,0,0,0,0,0,0,0,0,1,1,0,0,0,0,1,0,0,0,0,0,0,3.1214482048688246,0
50,1,18.0,1,0,17.8,U,Mrs,0,0,0,1,0,0,0,0,0,0,1,0,0,0,0,1,0,1,0,0,0,0,0,0,0,2.9338568698359038,0
51,0,7.0,4,1,39.6875,U,Master,0,0,0,1,0,1,0,0,0,0,0,0,0,0,0,1,0,0,0,0,0,1,0,0,0,3.705920919968788,0
52,0,21.0,0,0,7.8,U,Mr,1,0,0,1,0,0,0,0,0,0,0,0,1,0,0,1,1,0,0,0,0,0,0,0,0,2.174751721484161,0
53,1,49.0,1,0,76.7292,D,Mrs,0,1,0,0,0,0,0,0,1,0,0,0,0,1,0,0,0,1,0,0,0,0,0,0,0,4.353230991152628,1
54,1,29.0,1,0,26.0,U,Mrs,0,0,1,0,0,0,0,0,0,0,0,0,1,0,0,1,0,1,0,0,0,0,0,0,0,3.295836866004329,1
55,0,65.0,0,1,61.9792,B,Mr,0,1,0,0,0,0,0,0,0,1,0,0,0,1,0,0,0,1,0,0,0,0,0,0,0,4.142804513146981,0
56,0,41.5,0,0,35.5,C,Mr,1,1,0,0,1,0,0,0,0,0,0,0,0,0,0,1,1,0,0,0,0,0,0,0,0,3.597312260588446,1
57,1,21.0,0,0,10.5,U,Miss,1,0,1,0,0,0,0,0,0,0,0,0,1,0,0,1,1,0,0,0,0,0,0,0,0,2.4423470353692043,1
58,0,28.5,0,0,7.2292,U,Mr,1,0,0,1,0,0,0,0,0,0,0,0,1,1,0,0,1,0,0,0,0,0,0,0,0,2.1076888046179385,0
59,1,5.0,1,2,27.75,U,Miss,0,0,1,0,0,1,0,0,0,0,0,0,0,0,0,1,0,0,0,1,0,0,0,0,0,3.3586377672433594,1
60,0,11.0,5,2,46.9,U,Master,0,0,0,1,0,1,0,0,0,0,0,0,0,0,0,1,0,0,0,0,0,0,0,1,0,3.8691155044168695,0
61,0,22.0,0,0,7.2292,U,Mr,1,0,0,1,0,0,0,0,0,0,0,0,1,1,0,0,1,0,0,0,0,0,0,0,0,2.1076888046179385,0
62,1,38.0,0,0,80.0,B,Miss,1,1,0,0,1,0,0,0,0,0,0,0,0,1,0,0,1,0,0,0,0,0,0,0,0,4.394449154672439,1
63,0,45.0,1,0,83.475,C,Mr,0,1,0,0,1,0,0,0,0,0,0,0,0,0,0,1,0,1,0,0,0,0,0,0,0,4.436455632600354,0
64,0,4.0,3,2,27.9,U,Master,0,0,0,1,0,0,0,0,0,0,0,1,0,0,0,1,0,0,0,0,0,1,0,0,0,3.3638415951183864,0
65,0,41.5,0,0,27.7208,U,Mr,1,1,0,0,1,0,0,0,0,0,0,0,0,1,0,0,1,0,0,0,0,0,0,0,0,3.357621598945279,0
66,0,6.0,1,1,15.2458,U,Master,0,0,0,1,0,1,0,0,0,0,0,0,0,1,0,0,0,0,1,0,0,0,0,0,0,2.7878344138303452,1
67,1,29.0,0,0,10.5,F,Mrs,1,0,1,0,0,0,0,0,0,0,0,0,1,0,0,1,1,0,0,0,0,0,0,0,0,2.4423470353692043,1
68,0,19.0,0,0,8.1583,U,Mr,1,0,0,1,0,0,0,0,0,0,0,0,1,0,0,1,1,0,0,0,0,0,0,0,0,2.2146605719425225,0
69,1,17.0,4,2,7.925,U,Miss,0,0,0,1,0,0,0,0,0,0,1,0,0,0,0,1,0,0,0,0,0,0,1,0,0,2.188856327665703,1
70,0,26.0,2,0,8.6625,U,Mr,0,0,0,1,0,0,0,0,0,0,0,0,1,0,0,1,0,0,1,0,0,0,0,0,0,2.2682524139135403,0
71,0,32.0,0,0,10.5,U,Mr,1,0,1,0,0,0,0,0,0,0,0,0,1,0,0,1,1,0,0,0,0,0,0,0,0,2.4423470353692043,0
72,1,16.0,5,2,46.9,U,Miss,0,0,0,1,0,0,0,0,0,0,1,0,0,0,0,1,0,0,0,0,0,0,0,1,0,3.8691155044168695,0
73,0,21.0,0,0,73.5,U,Mr,1,0,1,0,0,0,0,0,0,0,0,0,1,0,0,1,1,0,0,0,0,0,0,0,0,4.310799125385514,0
74,0,26.0,1,0,14.4542,U,Mr,0,0,0,1,0,0,0,0,0,0,0,0,1,1,0,0,0,1,0,0,0,0,0,0,0,2.737880811060884,0
75,0,32.0,0,0,56.4958,U,Mr,1,0,0,1,0,0,0,0,0,0,0,0,1,0,0,1,1,0,0,0,0,0,0,0,0,4.05171190165724,1
76,0,25.0,0,0,7.65,F,Mr,1,0,0,1,0,0,0,0,0,0,0,0,1,0,0,1,1,0,0,0,0,0,0,0,0,2.157559320943788,0
77,0,26.0,0,0,7.8958,U,Mr,1,0,0,1,0,0,0,0,0,0,0,0,1,0,0,1,1,0,0,0,0,0,0,0,0,2.1855792552411137,0
78,0,26.0,0,0,8.05,U,Mr,1,0,0,1,0,0,0,0,0,0,0,0,1,0,0,1,1,0,0,0,0,0,0,0,0,2.2027647577118348,0
79,0,0.83,0,2,29.0,U,Master,0,0,1,0,0,0,0,1,0,0,0,0,0,0,0,1,0,0,1,0,0,0,0,0,0,3.4011973816621555,1
80,1,30.0,0,0,12.475,U,Miss,1,0,0,1,0,0,0,0,0,0,0,0,1,0,0,1,1,0,0,0,0,0,0,0,0,2.600836116795061,1
81,0,22.0,0,0,9.0,U,Mr,1,0,0,1,0,0,0,0,0,0,0,0,1,0,0,1,1,0,0,0,0,0,0,0,0,2.302585092994046,0
82,0,29.0,0,0,9.5,U,Mr,1,0,0,1,0,0,0,0,0,0,0,0,1,0,0,1,1,0,0,0,0,0,0,0,0,2.3513752571634776,1
83,1,18.0,0,0,7.7875,U,Miss,1,0,0,1,0,0,0,0,0,0,1,0,0,0,1,0,1,0,0,0,0,0,0,0,0,2.1733302571367834,1
84,0,28.0,0,0,47.1,U,Mr,1,1,0,0,0,0,0,0,0,0,0,0,1,0,0,1,1,0,0,0,0,0,0,0,0,3.8732821771117156,0
85,1,17.0,0,0,10.5,U,Miss,1,0,1,0,0,0,0,0,0,0,1,0,0,0,0,1,1,0,0,0,0,0,0,0,0,2.4423470353692043,1
86,1,33.0,3,0,15.85,U,Mrs,0,0,0,1,0,0,0,0,0,0,0,0,1,0,0,1,0,0,0,1,0,0,0,0,0,2.8243506567983707,1
87,0,16.0,1,3,34.375,U,Mr,0,0,0,1,0,0,0,0,0,0,1,0,0,0,0,1,0,0,0,0,1,0,0,0,0,3.5660053559634015,0
88,0,26.0,0,0,8.05,U,Mr,1,0,0,1,0,0,0,0,0,0,0,0,1,0,0,1,1,0,0,0,0,0,0,0,0,2.2027647577118348,0
89,1,23.0,3,2,263.0,C,Miss,0,1,0,0,0,0,0,0,0,0,0,0,1,0,0,1,0,0,0,0,0,1,0,0,0,5.575949103146316,1
90,0,24.0,0,0,8.05,U,Mr,1,0,0,1,0,0,0,0,0,0,0,0,1,0,0,1,1,0,0,0,0,0,0,0,0,2.2027647577118348,0
91,0,29.0,0,0,8.05,U,Mr,1,0,0,1,0,0,0,0,0,0,0,0,1,0,0,1,1,0,0,0,0,0,0,0,0,2.2027647577118348,0
92,0,20.0,0,0,7.8542,U,Mr,1,0,0,1,0,0,0,0,0,0,0,0,1,0,0,1,1,0,0,0,0,0,0,0,0,2.180891922715322,0
93,0,46.0,1,0,61.175,E,Mr,0,1,0,0,0,0,0,0,1,0,0,0,0,0,0,1,0,1,0,0,0,0,0,0,0,4.1299529896894684,0
94,0,26.0,1,2,20.575,U,Mr,0,0,0,1,0,0,0,0,0,0,0,0,1,0,0,1,0,0,0,1,0,0,0,0,0,3.0715352369694915,0
95,0,59.0,0,0,7.25,U,Mr,1,0,0,1,0,0,0,0,0,1,0,0,0,0,0,1,1,0,0,0,0,0,0,0,0,2.1102132003465894,0
96,0,26.0,0,0,8.05,U,Mr,1,0,0,1,0,0,0,0,0,0,0,0,1,0,0,1,1,0,0,0,0,0,0,0,0,2.2027647577118348,0
97,0,71.0,0,0,34.6542,A,Mr,1,1,0,0,0,0,1,0,0,0,0,0,0,1,0,0,1,0,0,0,0,0,0,0,0,3.57386695198272,0
98,0,23.0,0,1,63.3583,D,Mr,0,1,0,0,0,0,0,0,0,0,0,0,1,1,0,0,0,1,0,0,0,0,0,0,0,4.164465907853638,1
99,1,34.0,0,1,23.0,U,Mrs,0,0,1,0,0,0,0,0,0,0,0,0,1,0,0,1,0,1,0,0,0,0,0,0,0,3.1780538303479458,1
100,0,34.0,1,0,26.0,U,Mr,0,0,1,0,0,0,0,0,0,0,0,0,1,0,0,1,0,1,0,0,0,0,0,0,0,3.295836866004329,0
101,1,28.0,0,0,7.8958,U,Miss,1,0,0,1,0,0,0,0,0,0,0,0,1,0,0,1,1,0,0,0,0,0,0,0,0,2.1855792552411137,0
102,0,26.0,0,0,7.8958,U,Mr,1,0,0,1,0,0,0,0,0,0,0,0,1,0,0,1,1,0,0,0,0,0,0,0,0,2.1855792552411137,0
103,0,21.0,0,1,77.2875,D,Mr,0,1,0,0,0,0,0,0,0,0,0,0,1,0,0,1,0,1,0,0,0,0,0,0,0,4.360387947851531,0
104,0,33.0,0,0,8.6542,U,Mr,1,0,0,1,0,0,0,0,0,0,0,0,1,0,0,1,1,0,0,0,0,0,0,0,0,2.267393053825037,0
105,0,37.0,2,0,7.925,U,Mr,0,0,0,1,1,0,0,0,0,0,0,0,0,0,0,1,0,0,1,0,0,0,0,0,0,2.188856327665703,0
106,0,28.0,0,0,7.8958,U,Mr,1,0,0,1,0,0,0,0,0,0,0,0,1,0,0,1,1,0,0,0,0,0,0,0,0,2.1855792552411137,0
107,1,21.0,0,0,7.65,U,Miss,1,0,0,1,0,0,0,0,0,0,0,0,1,0,0,1,1,0,0,0,0,0,0,0,0,2.157559320943788,1
108,0,26.0,0,0,7.775,U,Mr,1,0,0,1,0,0,0,0,0,0,0,0,1,0,0,1,1,0,0,0,0,0,0,0,0,2.1719067693519296,1
109,0,38.0,0,0,7.8958,U,Mr,1,0,0,1,1,0,0,0,0,0,0,0,0,0,0,1,1,0,0,0,0,0,0,0,0,2.1855792552411137,0
110,1,18.0,1,0,24.15,U,Miss,0,0,0,1,0,0,0,0,0,0,1,0,0,0,1,0,0,1,0,0,0,0,0,0,0,3.224857896545748,1
111,0,47.0,0,0,52.0,C,Mr,1,1,0,0,0,0,0,0,1,0,0,0,0,0,0,1,1,0,0,0,0,0,0,0,0,3.970291913552122,0
112,1,14.5,1,0,14.4542,U,Miss,0,0,0,1,0,0,0,0,0,0,1,0,0,1,0,0,0,1,0,0,0,0,0,0,0,2.737880811060884,0
113,0,22.0,0,0,8.05,U,Mr,1,0,0,1,0,0,0,0,0,0,0,0,1,0,0,1,1,0,0,0,0,0,0,0,0,2.2027647577118348,0
114,1,20.0,1,0,9.825,U,Miss,0,0,0,1,0,0,0,0,0,0,0,0,1,0,0,1,0,1,0,0,0,0,0,0,0,2.3818582738885534,0
115,1,17.0,0,0,14.4583,U,Miss,1,0,0,1,0,0,0,0,0,0,1,0,0,1,0,0,1,0,0,0,0,0,0,0,0,2.738146075922933,0
116,0,21.0,0,0,7.925,U,Mr,1,0,0,1,0,0,0,0,0,0,0,0,1,0,0,1,1,0,0,0,0,0,0,0,0,2.188856327665703,0
117,0,70.5,0,0,7.75,U,Mr,1,0,0,1,0,0,1,0,0,0,0,0,0,0,1,0,1,0,0,0,0,0,0,0,0,2.169053700369523,0
118,0,29.0,1,0,21.0,U,Mr,0,0,1,0,0,0,0,0,0,0,0,0,1,0,0,1,0,1,0,0,0,0,0,0,0,3.091042453358316,0
119,0,24.0,0,1,247.5208,B,Mr,0,1,0,0,0,0,0,0,0,0,0,0,1,1,0,0,0,1,0,0,0,0,0,0,0,5.515526544247129,0
120,1,2.0,4,2,31.275,U,Miss,0,0,0,1,0,0,0,0,0,0,0,1,0,0,0,1,0,0,0,0,0,0,1,0,0,3.4742929367327062,0
121,0,21.0,2,0,73.5,U,Mr,0,0,1,0,0,0,0,0,0,0,0,0,1,0,0,1,0,0,1,0,0,0,0,0,0,4.310799125385514,0
122,0,26.0,0,0,8.05,U,Mr,1,0,0,1,0,0,0,0,0,0,0,0,1,0,0,1,1,0,0,0,0,0,0,0,0,2.2027647577118348,0
123,0,32.5,1,0,30.0708,U,Mr,0,0,1,0,0,0,0,0,0,0,0,0,1,1,0,0,0,1,0,0,0,0,0,0,0,3.436268471383741,0
124,1,32.5,0,0,13.0,E,Miss,1,0,1,0,0,0,0,0,0,0,0,0,1,0,0,1,1,0,0,0,0,0,0,0,0,2.6390573296152584,1
125,0,54.0,0,1,77.2875,D,Mr,0,1,0,0,0,0,0,0,1,0,0,0,0,0,0,1,0,1,0,0,0,0,0,0,0,4.360387947851531,0
126,0,12.0,1,0,11.2417,U,Master,0,0,0,1,0,1,0,0,0,0,0,0,0,1,0,0,0,1,0,0,0,0,0,0,0,2.5048481563289,1
127,0,26.0,0,0,7.75,U,Mr,1,0,0,1,0,0,0,0,0,0,0,0,1,0,1,0,1,0,0,0,0,0,0,0,0,2.169053700369523,0
128,0,24.0,0,0,7.1417,U,Mr,1,0,0,1,0,0,0,0,0,0,0,0,1,0,0,1,1,0,0,0,0,0,0,0,0,2.0969990034181696,1
129,1,18.0,1,1,22.3583,F,Miss,0,0,0,1,0,0,0,0,0,0,1,0,0,1,0,0,0,0,1,0,0,0,0,0,0,3.1509523813392697,1
130,0,45.0,0,0,6.975,U,Mr,1,0,0,1,1,0,0,0,0,0,0,0,0,0,0,1,1,0,0,0,0,0,0,0,0,2.076311648670908,0
131,0,33.0,0,0,7.8958,U,Mr,1,0,0,1,0,0,0,0,0,0,0,0,1,1,0,0,1,0,0,0,0,0,0,0,0,2.1855792552411137,0
132,0,20.0,0,0,7.05,U,Mr,1,0,0,1,0,0,0,0,0,0,0,0,1,0,0,1,1,0,0,0,0,0,0,0,0,2.0856720914304723,0
133,1,47.0,1,0,14.5,U,Mrs,0,0,0,1,0,0,0,0,1,0,0,0,0,0,0,1,0,1,0,0,0,0,0,0,0,2.740840023925201,0
134,1,29.0,1,0,26.0,U,Mrs,0,0,1,0,0,0,0,0,0,0,0,0,1,0,0,1,0,1,0,0,0,0,0,0,0,3.295836866004329,1
135,0,25.0,0,0,13.0,U,Mr,1,0,1,0,0,0,0,0,0,0,0,0,1,0,0,1,1,0,0,0,0,0,0,0,0,2.6390573296152584,0
136,0,23.0,0,0,15.0458,U,Mr,1,0,1,0,0,0,0,0,0,0,0,0,1,1,0,0,1,0,0,0,0,0,0,0,0,2.775447133088262,0
137,1,19.0,0,2,26.2833,D,Miss,0,1,0,0,0,0,0,0,0,0,0,0,1,0,0,1,0,0,1,0,0,0,0,0,0,3.3062747934011893,1
138,0,37.0,1,0,53.1,C,Mr,0,1,0,0,1,0,0,0,0,0,0,0,0,0,0,1,0,1,0,0,0,0,0,0,0,3.9908341858524357,0
139,0,16.0,0,0,9.2167,U,Mr,1,0,0,1,0,0,0,0,0,0,1,0,0,0,0,1,1,0,0,0,0,0,0,0,0,2.3240236363515288,0
140,0,24.0,0,0,79.2,B,Mr,1,1,0,0,0,0,0,0,0,0,0,0,1,1,0,0,1,0,0,0,0,0,0,0,0,4.384523514872469,0
141,1,31.0,0,2,15.2458,U,Mrs,0,0,0,1,0,0,0,0,0,0,0,0,1,1,0,0,0,0,1,0,0,0,0,0,0,2.7878344138303452,0
142,1,22.0,0,0,7.75,U,Miss,1,0,0,1,0,0,0,0,0,0,0,0,1,0,0,1,1,0,0,0,0,0,0,0,0,2.169053700369523,1
143,1,24.0,1,0,15.85,U,Mrs,0,0,0,1,0,0,0,0,0,0,0,0,1,0,0,1,0,1,0,0,0,0,0,0,0,2.8243506567983707,1
144,0,19.0,0,0,6.75,U,Mr,1,0,0,1,0,0,0,0,0,0,0,0,1,0,1,0,1,0,0,0,0,0,0,0,0,2.0476928433652555,0
145,0,18.0,0,0,11.5,U,Mr,1,0,1,0,0,0,0,0,0,0,1,0,0,0,0,1,1,0,0,0,0,0,0,0,0,2.5257286443082556,0
146,0,19.0,1,1,36.75,U,Mr,0,0,1,0,0,0,0,0,0,0,0,0,1,0,0,1,0,0,1,0,0,0,0,0,0,3.6309854756950335,0
147,0,27.0,0,0,7.7958,U,Mr,1,0,0,1,0,0,0,0,0,0,0,0,1,0,0,1,1,0,0,0,0,0,0,0,0,2.174274334826008,1
148,1,9.0,2,2,34.375,U,Miss,0,0,0,1,0,1,0,0,0,0,0,0,0,0,0,1,0,0,0,0,1,0,0,0,0,3.5660053559634015,0
149,0,36.5,0,2,26.0,F,Mr,0,0,1,0,1,0,0,0,0,0,0,0,0,0,0,1,0,0,1,0,0,0,0,0,0,3.295836866004329,0
150,0,42.0,0,0,13.0,U,Officer,1,0,1,0,1,0,0,0,0,0,0,0,0,0,0,1,1,0,0,0,0,0,0,0,0,2.6390573296152584,0
151,0,51.0,0,0,12.525,U,Officer,1,0,1,0,0,0,0,0,1,0,0,0,0,0,0,1,1,0,0,0,0,0,0,0,0,2.6045398247325453,0
152,1,22.0,1,0,66.6,C,Mrs,0,1,0,0,0,0,0,0,0,0,0,0,1,0,0,1,0,1,0,0,0,0,0,0,0,4.213607983048918,1
153,0,55.5,0,0,8.05,U,Mr,1,0,0,1,0,0,0,0,0,1,0,0,0,0,0,1,1,0,0,0,0,0,0,0,0,2.2027647577118348,0
154,0,40.5,0,2,14.5,U,Mr,0,0,0,1,1,0,0,0,0,0,0,0,0,0,0,1,0,0,1,0,0,0,0,0,0,2.740840023925201,0
155,0,26.0,0,0,7.3125,U,Mr,1,0,0,1,0,0,0,0,0,0,0,0,1,0,0,1,1,0,0,0,0,0,0,0,0,2.1177604059819726,0
156,0,51.0,0,1,61.3792,U,Mr,0,1,0,0,0,0,0,0,1,0,0,0,0,1,0,0,0,1,0,0,0,0,0,0,0,4.133231886474144,0
157,1,16.0,0,0,7.7333,U,Miss,1,0,0,1,0,0,0,0,0,0,1,0,0,0,1,0,1,0,0,0,0,0,0,0,0,2.167143305297764,1
158,0,30.0,0,0,8.05,U,Mr,1,0,0,1,0,0,0,0,0,0,0,0,1,0,0,1,1,0,0,0,0,0,0,0,0,2.2027647577118348,0
159,0,26.0,0,0,8.6625,U,Mr,1,0,0,1,0,0,0,0,0,0,0,0,1,0,0,1,1,0,0,0,0,0,0,0,0,2.2682524139135403,0
160,0,6.0,8,2,69.55,U,Master,0,0,0,1,0,1,0,0,0,0,0,0,0,0,0,1,0,0,0,0,0,0,0,0,1,4.256321678298823,0
161,0,44.0,0,1,16.1,U,Mr,0,0,0,1,1,0,0,0,0,0,0,0,0,0,0,1,0,1,0,0,0,0,0,0,0,2.8390784635086144,0
162,1,40.0,0,0,15.75,U,Mrs,1,0,1,0,1,0,0,0,0,0,0,0,0,0,0,1,1,0,0,0,0,0,0,0,0,2.8183982582710754,1
163,0,26.0,0,0,7.775,U,Mr,1,0,0,1,0,0,0,0,0,0,0,0,1,0,0,1,1,0,0,0,0,0,0,0,0,2.1719067693519296,0
164,0,17.0,0,0,8.6625,U,Mr,1,0,0,1,0,0,0,0,0,0,1,0,0,0,0,1,1,0,0,0,0,0,0,0,0,2.2682524139135403,0
165,0,1.0,4,1,39.6875,U,Master,0,0,0,1,0,0,0,1,0,0,0,0,0,0,0,1,0,0,0,0,0,1,0,0,0,3.705920919968788,0
166,0,9.0,0,2,20.525,U,Master,0,0,0,1,0,1,0,0,0,0,0,0,0,0,0,1,0,0,1,0,0,0,0,0,0,3.0692150503137943,1
167,1,45.0,0,1,55.0,E,Mrs,0,1,0,0,1,0,0,0,0,0,0,0,0,0,0,1,0,1,0,0,0,0,0,0,0,4.02535169073515,1
168,1,45.0,1,4,27.9,U,Mrs,0,0,0,1,1,0,0,0,0,0,0,0,0,0,0,1,0,0,0,0,0,1,0,0,0,3.3638415951183864,0
169,0,41.5,0,0,25.925,U,Mr,1,1,0,0,1,0,0,0,0,0,0,0,0,0,0,1,1,0,0,0,0,0,0,0,0,3.2930552230424524,0
170,0,28.0,0,0,56.4958,U,Mr,1,0,0,1,0,0,0,0,0,0,0,0,1,0,0,1,1,0,0,0,0,0,0,0,0,4.05171190165724,0
171,0,61.0,0,0,33.5,B,Mr,1,1,0,0,0,0,0,0,0,1,0,0,0,0,0,1,1,0,0,0,0,0,0,0,0,3.5409593240373143,0
172,0,4.0,4,1,29.125,U,Master,0,0,0,1,0,0,0,0,0,0,0,1,0,0,1,0,0,0,0,0,0,1,0,0,0,3.405355391810819,0
173,1,1.0,1,1,11.1333,U,Miss,0,0,0,1,0,0,0,1,0,0,0,0,0,0,0,1,0,0,1,0,0,0,0,0,0,2.495953738718064,1
174,0,21.0,0,0,7.925,U,Mr,1,0,0,1,0,0,0,0,0,0,0,0,1,0,0,1,1,0,0,0,0,0,0,0,0,2.188856327665703,0
175,0,56.0,0,0,30.6958,A,Mr,1,1,0,0,0,0,0,0,0,1,0,0,0,1,0,0,1,0,0,0,0,0,0,0,0,3.4561841799918147,0
176,0,18.0,1,1,7.8542,U,Mr,0,0,0,1,0,0,0,0,0,0,1,0,0,0,0,1,0,0,1,0,0,0,0,0,0,2.180891922715322,0
177,0,6.0,3,1,25.4667,U,Master,0,0,0,1,0,1,0,0,0,0,0,0,0,0,0,1,0,0,0,0,1,0,0,0,0,3.275887339030031,0
178,1,50.0,0,0,28.7125,C,Miss,1,1,0,0,0,0,0,0,1,0,0,0,0,1,0,0,1,0,0,0,0,0,0,0,0,3.391567832686312,0
179,0,30.0,0,0,13.0,U,Mr,1,0,1,0,0,0,0,0,0,0,0,0,1,0,0,1,1,0,0,0,0,0,0,0,0,2.6390573296152584,0
180,0,36.0,0,0,0.0,U,Mr,1,0,0,1,1,0,0,0,0,0,0,0,0,0,0,1,1,0,0,0,0,0,0,0,0,0.0,0
181,1,18.0,8,2,69.55,U,Miss,0,0,0,1,0,0,0,0,0,0,1,0,0,0,0,1,0,0,0,0,0,0,0,0,1,4.256321678298823,0
182,0,30.0,0,0,15.05,U,Mr,1,0,1,0,0,0,0,0,0,0,0,0,1,1,0,0,1,0,0,0,0,0,0,0,0,2.775708849576025,0
183,0,9.0,4,2,31.3875,U,Master,0,0,0,1,0,1,0,0,0,0,0,0,0,0,0,1,0,0,0,0,0,0,1,0,0,3.4777725458882283,0
184,0,1.0,2,1,39.0,F,Master,0,0,1,0,0,0,0,1,0,0,0,0,0,0,0,1,0,0,0,1,0,0,0,0,0,3.6888794541139363,1
185,1,4.0,0,2,22.025,U,Miss,0,0,0,1,0,0,0,0,0,0,0,1,0,0,0,1,0,0,1,0,0,0,0,0,0,3.1365805821413706,1
186,0,41.5,0,0,50.0,A,Mr,1,1,0,0,1,0,0,0,0,0,0,0,0,0,0,1,1,0,0,0,0,0,0,0,0,3.9318256327243257,0
187,1,31.0,1,0,15.5,U,Mrs,0,0,0,1,0,0,0,0,0,0,0,0,1,0,1,0,0,1,0,0,0,0,0,0,0,2.803360380906535,1
188,0,45.0,0,0,26.55,U,Mr,1,1,0,0,1,0,0,0,0,0,0,0,0,0,0,1,1,0,0,0,0,0,0,0,0,3.3160025355989236,1
189,0,40.0,1,1,15.5,U,Mr,0,0,0,1,1,0,0,0,0,0,0,0,0,0,1,0,0,0,1,0,0,0,0,0,0,2.803360380906535,0
190,0,36.0,0,0,7.8958,U,Mr,1,0,0,1,1,0,0,0,0,0,0,0,0,0,0,1,1,0,0,0,0,0,0,0,0,2.1855792552411137,0
191,1,32.0,0,0,13.0,U,Mrs,1,0,1,0,0,0,0,0,0,0,0,0,1,0,0,1,1,0,0,0,0,0,0,0,0,2.6390573296152584,1
192,0,19.0,0,0,13.0,U,Mr,1,0,1,0,0,0,0,0,0,0,0,0,1,0,0,1,1,0,0,0,0,0,0,0,0,2.6390573296152584,0
193,1,19.0,1,0,7.8542,U,Miss,0,0,0,1,0,0,0,0,0,0,0,0,1,0,0,1,0,1,0,0,0,0,0,0,0,2.180891922715322,1
194,0,3.0,1,1,26.0,F,Master,0,0,1,0,0,0,0,0,0,0,0,1,0,0,0,1,0,0,1,0,0,0,0,0,0,3.295836866004329,1
195,1,44.0,0,0,27.7208,B,Mrs,1,1,0,0,1,0,0,0,0,0,0,0,0,1,0,0,1,0,0,0,0,0,0,0,0,3.357621598945279,1
196,1,58.0,0,0,146.5208,B,Miss,1,1,0,0,0,0,0,0,0,1,0,0,0,1,0,0,1,0,0,0,0,0,0,0,0,4.993969182787072,1
197,0,26.0,0,0,7.75,U,Mr,1,0,0,1,0,0,0,0,0,0,0,0,1,0,1,0,1,0,0,0,0,0,0,0,0,2.169053700369523,0
198,0,42.0,0,1,8.4042,U,Mr,0,0,0,1,1,0,0,0,0,0,0,0,0,0,0,1,0,1,0,0,0,0,0,0,0,2.2411563979973974,0
199,1,18.0,0,0,7.75,U,Miss,1,0,0,1,0,0,0,0,0,0,1,0,0,0,1,0,1,0,0,0,0,0,0,0,0,2.169053700369523,1
200,1,24.0,0,0,13.0,U,Miss,1,0,1,0,0,0,0,0,0,0,0,0,1,0,0,1,1,0,0,0,0,0,0,0,0,2.6390573296152584,0
201,0,28.0,0,0,9.5,U,Mr,1,0,0,1,0,0,0,0,0,0,0,0,1,0,0,1,1,0,0,0,0,0,0,0,0,2.3513752571634776,0
202,0,26.0,8,2,69.55,U,Mr,0,0,0,1,0,0,0,0,0,0,0,0,1,0,0,1,0,0,0,0,0,0,0,0,1,4.256321678298823,0
203,0,34.0,0,0,6.4958,U,Mr,1,0,0,1,0,0,0,0,0,0,0,0,1,0,0,1,1,0,0,0,0,0,0,0,0,2.0143428636837015,0
204,0,45.5,0,0,7.225,U,Mr,1,0,0,1,0,0,0,0,1,0,0,0,0,1,0,0,1,0,0,0,0,0,0,0,0,2.1071782966514356,0
205,0,18.0,0,0,8.05,U,Mr,1,0,0,1,0,0,0,0,0,0,1,0,0,0,0,1,1,0,0,0,0,0,0,0,0,2.2027647577118348,1
206,1,2.0,0,1,10.4625,G,Miss,0,0,0,1,0,0,0,0,0,0,0,1,0,0,0,1,0,1,0,0,0,0,0,0,0,2.4390808375825834,0
207,0,32.0,1,0,15.85,U,Mr,0,0,0,1,0,0,0,0,0,0,0,0,1,0,0,1,0,1,0,0,0,0,0,0,0,2.8243506567983707,0
208,0,26.0,0,0,18.7875,U,Mr,1,0,0,1,0,0,0,0,0,0,0,0,1,1,0,0,1,0,0,0,0,0,0,0,0,2.9850504252071306,1
209,1,16.0,0,0,7.75,U,Miss,1,0,0,1,0,0,0,0,0,0,1,0,0,0,1,0,1,0,0,0,0,0,0,0,0,2.169053700369523,1
210,0,40.0,0,0,31.0,A,Mr,1,1,0,0,1,0,0,0,0,0,0,0,0,1,0,0,1,0,0,0,0,0,0,0,0,3.4657359027997265,1
211,0,24.0,0,0,7.05,U,Mr,1,0,0,1,0,0,0,0,0,0,0,0,1,0,0,1,1,0,0,0,0,0,0,0,0,2.0856720914304723,0
212,1,35.0,0,0,21.0,U,Miss,1,0,1,0,0,0,0,0,0,0,0,0,1,0,0,1,1,0,0,0,0,0,0,0,0,3.091042453358316,1
213,0,22.0,0,0,7.25,U,Mr,1,0,0,1,0,0,0,0,0,0,0,0,1,0,0,1,1,0,0,0,0,0,0,0,0,2.1102132003465894,0
214,0,30.0,0,0,13.0,U,Mr,1,0,1,0,0,0,0,0,0,0,0,0,1,0,0,1,1,0,0,0,0,0,0,0,0,2.6390573296152584,0
215,0,26.0,1,0,7.75,U,Mr,0,0,0,1,0,0,0,0,0,0,0,0,1,0,1,0,0,1,0,0,0,0,0,0,0,2.169053700369523,0
216,1,31.0,1,0,113.275,D,Miss,0,1,0,0,0,0,0,0,0,0,0,0,1,1,0,0,0,1,0,0,0,0,0,0,0,4.738607824217808,1
217,1,27.0,0,0,7.925,U,Miss,1,0,0,1,0,0,0,0,0,0,0,0,1,0,0,1,1,0,0,0,0,0,0,0,0,2.188856327665703,1
218,0,42.0,1,0,27.0,U,Mr,0,0,1,0,1,0,0,0,0,0,0,0,0,0,0,1,0,1,0,0,0,0,0,0,0,3.332204510175204,0
219,1,32.0,0,0,76.2917,D,Miss,1,1,0,0,0,0,0,0,0,0,0,0,1,1,0,0,1,0,0,0,0,0,0,0,0,4.347586575960343,1
220,0,30.0,0,0,10.5,U,Mr,1,0,1,0,0,0,0,0,0,0,0,0,1,0,0,1,1,0,0,0,0,0,0,0,0,2.4423470353692043,0
221,0,16.0,0,0,8.05,U,Mr,1,0,0,1,0,0,0,0,0,0,1,0,0,0,0,1,1,0,0,0,0,0,0,0,0,2.2027647577118348,1
222,0,27.0,0,0,13.0,U,Mr,1,0,1,0,0,0,0,0,0,0,0,0,1,0,0,1,1,0,0,0,0,0,0,0,0,2.6390573296152584,0
223,0,51.0,0,0,8.05,U,Mr,1,0,0,1,0,0,0,0,1,0,0,0,0,0,0,1,1,0,0,0,0,0,0,0,0,2.2027647577118348,0
224,0,26.0,0,0,7.8958,U,Mr,1,0,0,1,0,0,0,0,0,0,0,0,1,0,0,1,1,0,0,0,0,0,0,0,0,2.1855792552411137,0
225,0,38.0,1,0,90.0,C,Mr,0,1,0,0,1,0,0,0,0,0,0,0,0,0,0,1,0,1,0,0,0,0,0,0,0,4.51085950651685,1
226,0,22.0,0,0,9.35,U,Mr,1,0,0,1,0,0,0,0,0,0,0,0,1,0,0,1,1,0,0,0,0,0,0,0,0,2.336986519711378,0
227,0,19.0,0,0,10.5,U,Mr,1,0,1,0,0,0,0,0,0,0,0,0,1,0,0,1,1,0,0,0,0,0,0,0,0,2.4423470353692043,1
228,0,20.5,0,0,7.25,U,Mr,1,0,0,1,0,0,0,0,0,0,0,0,1,0,0,1,1,0,0,0,0,0,0,0,0,2.1102132003465894,0
229,0,18.0,0,0,13.0,U,Mr,1,0,1,0,0,0,0,0,0,0,1,0,0,0,0,1,1,0,0,0,0,0,0,0,0,2.6390573296152584,0
230,1,18.0,3,1,25.4667,U,Miss,0,0,0,1,0,0,0,0,0,0,1,0,0,0,0,1,0,0,0,0,1,0,0,0,0,3.275887339030031,0
231,1,35.0,1,0,83.475,C,Mrs,0,1,0,0,0,0,0,0,0,0,0,0,1,0,0,1,0,1,0,0,0,0,0,0,0,4.436455632600354,1
232,0,29.0,0,0,7.775,U,Mr,1,0,0,1,0,0,0,0,0,0,0,0,1,0,0,1,1,0,0,0,0,0,0,0,0,2.1719067693519296,0
233,0,59.0,0,0,13.5,U,Mr,1,0,1,0,0,0,0,0,0,1,0,0,0,0,0,1,1,0,0,0,0,0,0,0,0,2.6741486494265287,0
234,1,5.0,4,2,31.3875,U,Miss,0,0,0,1,0,1,0,0,0,0,0,0,0,0,0,1,0,0,0,0,0,0,1,0,0,3.4777725458882283,1
235,0,24.0,0,0,10.5,U,Mr,1,0,1,0,0,0,0,0,0,0,0,0,1,0,0,1,1,0,0,0,0,0,0,0,0,2.4423470353692043,0
236,1,18.0,0,0,7.55,U,Miss,1,0,0,1,0,0,0,0,0,0,1,0,0,0,0,1,1,0,0,0,0,0,0,0,0,2.145931282948669,0
237,0,44.0,1,0,26.0,U,Mr,0,0,1,0,1,0,0,0,0,0,0,0,0,0,0,1,0,1,0,0,0,0,0,0,0,3.295836866004329,0
238,1,8.0,0,2,26.25,U,Miss,0,0,1,0,0,1,0,0,0,0,0,0,0,0,0,1,0,0,1,0,0,0,0,0,0,3.305053521109253,1
239,0,19.0,0,0,10.5,U,Mr,1,0,1,0,0,0,0,0,0,0,0,0,1,0,0,1,1,0,0,0,0,0,0,0,0,2.4423470353692043,0
240,0,33.0,0,0,12.275,U,Mr,1,0,1,0,0,0,0,0,0,0,0,0,1,0,0,1,1,0,0,0,0,0,0,0,0,2.5858825671280026,0
241,1,18.0,1,0,14.4542,U,Miss,0,0,0,1,0,0,0,0,0,0,1,0,0,1,0,0,0,1,0,0,0,0,0,0,0,2.737880811060884,0
242,1,18.0,1,0,15.5,U,Miss,0,0,0,1,0,0,0,0,0,0,1,0,0,0,1,0,0,1,0,0,0,0,0,0,0,2.803360380906535,1
243,0,29.0,0,0,10.5,U,Mr,1,0,1,0,0,0,0,0,0,0,0,0,1,0,0,1,1,0,0,0,0,0,0,0,0,2.4423470353692043,0
244,0,22.0,0,0,7.125,U,Mr,1,0,0,1,0,0,0,0,0,0,0,0,1,0,0,1,1,0,0,0,0,0,0,0,0,2.094945728215801,0
245,0,30.0,0,0,7.225,U,Mr,1,0,0,1,0,0,0,0,0,0,0,0,1,1,0,0,1,0,0,0,0,0,0,0,0,2.1071782966514356,0
246,0,44.0,2,0,90.0,C,Officer,0,1,0,0,1,0,0,0,0,0,0,0,0,0,1,0,0,0,1,0,0,0,0,0,0,4.51085950651685,0
247,1,25.0,0,0,7.775,U,Miss,1,0,0,1,0,0,0,0,0,0,0,0,1,0,0,1,1,0,0,0,0,0,0,0,0,2.1719067693519296,0
248,1,24.0,0,2,14.5,U,Mrs,0,0,1,0,0,0,0,0,0,0,0,0,1,0,0,1,0,0,1,0,0,0,0,0,0,2.740840023925201,1
249,0,37.0,1,1,52.5542,D,Mr,0,1,0,0,1,0,0,0,0,0,0,0,0,0,0,1,0,0,1,0,0,0,0,0,0,3.9806942251907276,1
250,0,54.0,1,0,26.0,U,Officer,0,0,1,0,0,0,0,0,1,0,0,0,0,0,0,1,0,1,0,0,0,0,0,0,0,3.295836866004329,0
251,0,26.0,0,0,7.25,U,Mr,1,0,0,1,0,0,0,0,0,0,0,0,1,0,0,1,1,0,0,0,0,0,0,0,0,2.1102132003465894,0
252,1,29.0,1,1,10.4625,G,Mrs,0,0,0,1,0,0,0,0,0,0,0,0,1,0,0,1,0,0,1,0,0,0,0,0,0,2.4390808375825834,0
253,0,62.0,0,0,26.55,C,Mr,1,1,0,0,0,0,0,0,0,1,0,0,0,0,0,1,1,0,0,0,0,0,0,0,0,3.3160025355989236,0
254,0,30.0,1,0,16.1,U,Mr,0,0,0,1,0,0,0,0,0,0,0,0,1,0,0,1,0,1,0,0,0,0,0,0,0,2.8390784635086144,0
255,1,41.0,0,2,20.2125,U,Mrs,0,0,0,1,1,0,0,0,0,0,0,0,0,0,0,1,0,0,1,0,0,0,0,0,0,3.0545906305603445,0
256,1,29.0,0,2,15.2458,U,Mrs,0,0,0,1,0,0,0,0,0,0,0,0,1,1,0,0,0,0,1,0,0,0,0,0,0,2.7878344138303452,1
257,1,45.0,0,0,79.2,U,Mrs,1,1,0,0,1,0,0,0,0,0,0,0,0,1,0,0,1,0,0,0,0,0,0,0,0,4.384523514872469,1
258,1,30.0,0,0,86.5,B,Miss,1,1,0,0,0,0,0,0,0,0,0,0,1,0,0,1,1,0,0,0,0,0,0,0,0,4.471638793363569,1
259,1,35.0,0,0,93.5,U,Miss,1,1,0,0,0,0,0,0,0,0,0,0,1,1,0,0,1,0,0,0,0,0,0,0,0,4.548599834499697,1
260,1,50.0,0,1,26.0,U,Mrs,0,0,1,0,0,0,0,0,1,0,0,0,0,0,0,1,0,1,0,0,0,0,0,0,0,3.295836866004329,1
261,0,26.0,0,0,7.75,U,Mr,1,0,0,1,0,0,0,0,0,0,0,0,1,0,1,0,1,0,0,0,0,0,0,0,0,2.169053700369523,0
262,0,3.0,4,2,31.3875,U,Master,0,0,0,1,0,0,0,0,0,0,0,1,0,0,0,1,0,0,0,0,0,0,1,0,0,3.4777725458882283,1
263,0,52.0,1,1,79.65,E,Mr,0,1,0,0,0,0,0,0,1,0,0,0,0,0,0,1,0,0,1,0,0,0,0,0,0,4.390118804571218,0
264,0,40.0,0,0,0.0,B,Mr,1,1,0,0,1,0,0,0,0,0,0,0,0,0,0,1,1,0,0,0,0,0,0,0,0,0.0,0
265,1,18.0,0,0,7.75,U,Miss,1,0,0,1,0,0,0,0,0,0,1,0,0,0,1,0,1,0,0,0,0,0,0,0,0,2.169053700369523,0
266,0,36.0,0,0,10.5,U,Mr,1,0,1,0,1,0,0,0,0,0,0,0,0,0,0,1,1,0,0,0,0,0,0,0,0,2.4423470353692043,0
267,0,16.0,4,1,39.6875,U,Mr,0,0,0,1,0,0,0,0,0,0,1,0,0,0,0,1,0,0,0,0,0,1,0,0,0,3.705920919968788,0
268,0,25.0,1,0,7.775,U,Mr,0,0,0,1,0,0,0,0,0,0,0,0,1,0,0,1,0,1,0,0,0,0,0,0,0,2.1719067693519296,1
269,1,58.0,0,1,153.4625,C,Mrs,0,1,0,0,0,0,0,0,0,1,0,0,0,0,0,1,0,1,0,0,0,0,0,0,0,5.039951348430309,1
270,1,35.0,0,0,135.6333,C,Miss,1,1,0,0,0,0,0,0,0,0,0,0,1,0,0,1,1,0,0,0,0,0,0,0,0,4.91730069488021,1
271,0,41.5,0,0,31.0,U,Mr,1,1,0,0,1,0,0,0,0,0,0,0,0,0,0,1,1,0,0,0,0,0,0,0,0,3.4657359027997265,0
272,0,25.0,0,0,0.0,U,Mr,1,0,0,1,0,0,0,0,0,0,0,0,1,0,0,1,1,0,0,0,0,0,0,0,0,0.0,1
273,1,41.0,0,1,19.5,U,Mrs,0,0,1,0,1,0,0,0,0,0,0,0,0,0,0,1,0,1,0,0,0,0,0,0,0,3.0204248861443626,1
274,0,37.0,0,1,29.7,C,Mr,0,1,0,0,1,0,0,0,0,0,0,0,0,1,0,0,0,1,0,0,0,0,0,0,0,3.4242626545931514,0
275,1,18.0,0,0,7.75,U,Miss,1,0,0,1,0,0,0,0,0,0,1,0,0,0,1,0,1,0,0,0,0,0,0,0,0,2.169053700369523,1
276,1,63.0,1,0,77.9583,D,Miss,0,1,0,0,0,0,0,0,0,1,0,0,0,0,0,1,0,1,0,0,0,0,0,0,0,4.368919865004903,1
277,1,45.0,0,0,7.75,U,Miss,1,0,0,1,1,0,0,0,0,0,0,0,0,0,0,1,1,0,0,0,0,0,0,0,0,2.169053700369523,0
278,0,30.0,0,0,0.0,U,Mr,1,0,1,0,0,0,0,0,0,0,0,0,1,0,0,1,1,0,0,0,0,0,0,0,0,0.0,0
279,0,7.0,4,1,29.125,U,Master,0,0,0,1,0,1,0,0,0,0,0,0,0,0,1,0,0,0,0,0,0,1,0,0,0,3.405355391810819,0
280,1,35.0,1,1,20.25,U,Mrs,0,0,0,1,0,0,0,0,0,0,0,0,1,0,0,1,0,0,1,0,0,0,0,0,0,3.056356895370426,1
281,0,65.0,0,0,7.75,U,Mr,1,0,0,1,0,0,0,0,0,1,0,0,0,0,1,0,1,0,0,0,0,0,0,0,0,2.169053700369523,0
282,0,28.0,0,0,7.8542,U,Mr,1,0,0,1,0,0,0,0,0,0,0,0,1,0,0,1,1,0,0,0,0,0,0,0,0,2.180891922715322,0
283,0,16.0,0,0,9.5,U,Mr,1,0,0,1,0,0,0,0,0,0,1,0,0,0,0,1,1,0,0,0,0,0,0,0,0,2.3513752571634776,0
284,0,19.0,0,0,8.05,U,Mr,1,0,0,1,0,0,0,0,0,0,0,0,1,0,0,1,1,0,0,0,0,0,0,0,0,2.2027647577118348,1
285,0,41.5,0,0,26.0,A,Mr,1,1,0,0,1,0,0,0,0,0,0,0,0,0,0,1,1,0,0,0,0,0,0,0,0,3.295836866004329,0
286,0,33.0,0,0,8.6625,U,Mr,1,0,0,1,0,0,0,0,0,0,0,0,1,1,0,0,1,0,0,0,0,0,0,0,0,2.2682524139135403,0
287,0,30.0,0,0,9.5,U,Mr,1,0,0,1,0,0,0,0,0,0,0,0,1,0,0,1,1,0,0,0,0,0,0,0,0,2.3513752571634776,1
288,0,22.0,0,0,7.8958,U,Mr,1,0,0,1,0,0,0,0,0,0,0,0,1,0,0,1,1,0,0,0,0,0,0,0,0,2.1855792552411137,0
289,0,42.0,0,0,13.0,U,Mr,1,0,1,0,1,0,0,0,0,0,0,0,0,0,0,1,1,0,0,0,0,0,0,0,0,2.6390573296152584,1
290,1,22.0,0,0,7.75,U,Miss,1,0,0,1,0,0,0,0,0,0,0,0,1,0,1,0,1,0,0,0,0,0,0,0,0,2.169053700369523,1
291,1,26.0,0,0,78.85,U,Miss,1,1,0,0,0,0,0,0,0,0,0,0,1,0,0,1,1,0,0,0,0,0,0,0,0,4.380149874661021,1
292,1,19.0,1,0,91.0792,B,Mrs,0,1,0,0,0,0,0,0,0,0,0,0,1,1,0,0,0,1,0,0,0,0,0,0,0,4.5226490762785785,1
293,0,36.0,0,0,12.875,D,Mr,1,0,1,0,1,0,0,0,0,0,0,0,0,1,0,0,1,0,0,0,0,0,0,0,0,2.630088659632498,0
294,1,24.0,0,0,8.85,U,Miss,1,0,0,1,0,0,0,0,0,0,0,0,1,0,0,1,1,0,0,0,0,0,0,0,0,2.2874714551839976,0
295,0,24.0,0,0,7.8958,U,Mr,1,0,0,1,0,0,0,0,0,0,0,0,1,0,0,1,1,0,0,0,0,0,0,0,0,2.1855792552411137,0
296,0,41.5,0,0,27.7208,U,Mr,1,1,0,0,1,0,0,0,0,0,0,0,0,1,0,0,1,0,0,0,0,0,0,0,0,3.357621598945279,0
297,0,23.5,0,0,7.2292,U,Mr,1,0,0,1,0,0,0,0,0,0,0,0,1,1,0,0,1,0,0,0,0,0,0,0,0,2.1076888046179385,0
298,1,2.0,1,2,151.55,C,Miss,0,1,0,0,0,0,0,0,0,0,0,1,0,0,0,1,0,0,0,1,0,0,0,0,0,5.027492411162679,0
299,0,41.5,0,0,30.5,C,Mr,1,1,0,0,1,0,0,0,0,0,0,0,0,0,0,1,1,0,0,0,0,0,0,0,0,3.449987545831587,1
300,1,50.0,0,1,247.5208,B,Mrs,0,1,0,0,0,0,0,0,1,0,0,0,0,1,0,0,0,1,0,0,0,0,0,0,0,5.515526544247129,1
301,1,18.0,0,0,7.75,U,Miss,1,0,0,1,0,0,0,0,0,0,1,0,0,0,1,0,1,0,0,0,0,0,0,0,0,2.169053700369523,1
302,0,26.0,2,0,23.25,U,Mr,0,0,0,1,0,0,0,0,0,0,0,0,1,0,1,0,0,0,1,0,0,0,0,0,0,3.188416617383492,1
303,0,19.0,0,0,0.0,U,Mr,1,0,0,1,0,0,0,0,0,0,0,0,1,0,0,1,1,0,0,0,0,0,0,0,0,0.0,0
304,1,20.0,0,0,12.35,E,Miss,1,0,1,0,0,0,0,0,0,0,0,0,1,0,1,0,1,0,0,0,0,0,0,0,0,2.5915163848462583,1
305,0,26.0,0,0,8.05,U,Mr,1,0,0,1,0,0,0,0,0,0,0,0,1,0,0,1,1,0,0,0,0,0,0,0,0,2.2027647577118348,0
306,0,0.92,1,2,151.55,C,Master,0,1,0,0,0,0,0,1,0,0,0,0,0,0,0,1,0,0,0,1,0,0,0,0,0,5.027492411162679,1
307,1,30.0,0,0,110.8833,U,Miss,1,1,0,0,0,0,0,0,0,0,0,0,1,1,0,0,1,0,0,0,0,0,0,0,0,4.717456363787216,1
308,1,17.0,1,0,108.9,C,Mrs,0,1,0,0,0,0,0,0,0,0,1,0,0,1,0,0,0,1,0,0,0,0,0,0,0,4.699570861409576,1
309,0,30.0,1,0,24.0,U,Mr,0,0,1,0,0,0,0,0,0,0,0,0,1,1,0,0,0,1,0,0,0,0,0,0,0,3.2188758248682006,0
310,1,30.0,0,0,56.9292,E,Miss,1,1,0,0,0,0,0,0,0,0,0,0,1,1,0,0,1,0,0,0,0,0,0,0,0,4.0592215752427645,1
311,1,24.0,0,0,83.1583,C,Miss,1,1,0,0,0,0,0,0,0,0,0,0,1,1,0,0,1,0,0,0,0,0,0,0,0,4.432699549165613,1
312,1,18.0,2,2,262.375,B,Miss,0,1,0,0,0,0,0,0,0,0,1,0,0,1,0,0,0,0,0,0,1,0,0,0,0,5.5735788721243535,1
313,1,26.0,1,1,26.0,U,Mrs,0,0,1,0,0,0,0,0,0,0,0,0,1,0,0,1,0,0,1,0,0,0,0,0,0,3.295836866004329,0
314,0,28.0,0,0,7.8958,U,Mr,1,0,0,1,0,0,0,0,0,0,0,0,1,0,0,1,1,0,0,0,0,0,0,0,0,2.1855792552411137,0
315,0,43.0,1,1,26.25,U,Mr,0,0,1,0,1,0,0,0,0,0,0,0,0,0,0,1,0,0,1,0,0,0,0,0,0,3.305053521109253,0
316,1,26.0,0,0,7.8542,U,Miss,1,0,0,1,0,0,0,0,0,0,0,0,1,0,0,1,1,0,0,0,0,0,0,0,0,2.180891922715322,1
317,1,24.0,1,0,26.0,U,Mrs,0,0,1,0,0,0,0,0,0,0,0,0,1,0,0,1,0,1,0,0,0,0,0,0,0,3.295836866004329,1
318,0,54.0,0,0,14.0,U,Officer,1,0,1,0,0,0,0,0,1,0,0,0,0,0,0,1,1,0,0,0,0,0,0,0,0,2.70805020110221,0
319,1,31.0,0,2,164.8667,C,Miss,0,1,0,0,0,0,0,0,0,0,0,0,1,0,0,1,0,0,1,0,0,0,0,0,0,5.11118445372147,1
320,1,40.0,1,1,134.5,E,Mrs,0,1,0,0,1,0,0,0,0,0,0,0,0,1,0,0,0,0,1,0,0,0,0,0,0,4.908971640319756,1
321,0,22.0,0,0,7.25,U,Mr,1,0,0,1,0,0,0,0,0,0,0,0,1,0,0,1,1,0,0,0,0,0,0,0,0,2.1102132003465894,0
322,0,27.0,0,0,7.8958,U,Mr,1,0,0,1,0,0,0,0,0,0,0,0,1,0,0,1,1,0,0,0,0,0,0,0,0,2.1855792552411137,0
323,1,30.0,0,0,12.35,U,Miss,1,0,1,0,0,0,0,0,0,0,0,0,1,0,1,0,1,0,0,0,0,0,0,0,0,2.5915163848462583,1
324,1,22.0,1,1,29.0,U,Mrs,0,0,1,0,0,0,0,0,0,0,0,0,1,0,0,1,0,0,1,0,0,0,0,0,0,3.4011973816621555,1
325,0,26.0,8,2,69.55,U,Mr,0,0,0,1,0,0,0,0,0,0,0,0,1,0,0,1,0,0,0,0,0,0,0,0,1,4.256321678298823,0
326,1,36.0,0,0,135.6333,C,Miss,1,1,0,0,1,0,0,0,0,0,0,0,0,1,0,0,1,0,0,0,0,0,0,0,0,4.91730069488021,1
327,0,61.0,0,0,6.2375,U,Mr,1,0,0,1,0,0,0,0,0,1,0,0,0,0,0,1,1,0,0,0,0,0,0,0,0,1.9792758428991135,0
328,1,36.0,0,0,13.0,D,Mrs,1,0,1,0,1,0,0,0,0,0,0,0,0,0,0,1,1,0,0,0,0,0,0,0,0,2.6390573296152584,1
329,1,31.0,1,1,20.525,U,Mrs,0,0,0,1,0,0,0,0,0,0,0,0,1,0,0,1,0,0,1,0,0,0,0,0,0,3.0692150503137943,1
330,1,16.0,0,1,57.9792,B,Miss,0,1,0,0,0,0,0,0,0,0,1,0,0,1,0,0,0,1,0,0,0,0,0,0,0,4.077184839375167,1
331,1,18.0,2,0,23.25,U,Miss,0,0,0,1,0,0,0,0,0,0,1,0,0,0,1,0,0,0,1,0,0,0,0,0,0,3.188416617383492,1
332,0,45.5,0,0,28.5,C,Mr,1,1,0,0,0,0,0,0,1,0,0,0,0,0,0,1,1,0,0,0,0,0,0,0,0,3.3843902633457743,0
333,0,38.0,0,1,153.4625,C,Mr,0,1,0,0,1,0,0,0,0,0,0,0,0,0,0,1,0,1,0,0,0,0,0,0,0,5.039951348430309,0
334,0,16.0,2,0,18.0,U,Mr,0,0,0,1,0,0,0,0,0,0,1,0,0,0,0,1,0,0,1,0,0,0,0,0,0,2.9444389791664403,0
335,1,45.0,1,0,133.65,U,Mrs,0,1,0,0,1,0,0,0,0,0,0,0,0,0,0,1,0,1,0,0,0,0,0,0,0,4.902678819257608,1
336,0,26.0,0,0,7.8958,U,Mr,1,0,0,1,0,0,0,0,0,0,0,0,1,0,0,1,1,0,0,0,0,0,0,0,0,2.1855792552411137,0
337,0,29.0,1,0,66.6,C,Mr,0,1,0,0,0,0,0,0,0,0,0,0,1,0,0,1,0,1,0,0,0,0,0,0,0,4.213607983048918,0
338,1,41.0,0,0,134.5,E,Miss,1,1,0,0,1,0,0,0,0,0,0,0,0,1,0,0,1,0,0,0,0,0,0,0,0,4.908971640319756,1
339,0,45.0,0,0,8.05,U,Mr,1,0,0,1,1,0,0,0,0,0,0,0,0,0,0,1,1,0,0,0,0,0,0,0,0,2.2027647577118348,1
340,0,45.0,0,0,35.5,T,Mr,1,1,0,0,1,0,0,0,0,0,0,0,0,0,0,1,1,0,0,0,0,0,0,0,0,3.597312260588446,0
341,0,2.0,1,1,26.0,F,Master,0,0,1,0,0,0,0,0,0,0,0,1,0,0,0,1,0,0,1,0,0,0,0,0,0,3.295836866004329,1
342,1,24.0,3,2,263.0,C,Miss,0,1,0,0,0,0,0,0,0,0,0,0,1,0,0,1,0,0,0,0,0,1,0,0,0,5.575949103146316,1
343,0,28.0,0,0,13.0,U,Mr,1,0,1,0,0,0,0,0,0,0,0,0,1,0,0,1,1,0,0,0,0,0,0,0,0,2.6390573296152584,0
344,0,25.0,0,0,13.0,U,Mr,1,0,1,0,0,0,0,0,0,0,0,0,1,0,0,1,1,0,0,0,0,0,0,0,0,2.6390573296152584,0
345,0,36.0,0,0,13.0,U,Mr,1,0,1,0,1,0,0,0,0,0,0,0,0,0,0,1,1,0,0,0,0,0,0,0,0,2.6390573296152584,0
346,1,24.0,0,0,13.0,F,Miss,1,0,1,0,0,0,0,0,0,0,0,0,1,0,0,1,1,0,0,0,0,0,0,0,0,2.6390573296152584,1
347,1,40.0,0,0,13.0,U,Miss,1,0,1,0,1,0,0,0,0,0,0,0,0,0,0,1,1,0,0,0,0,0,0,0,0,2.6390573296152584,1
348,1,31.0,1,0,16.1,U,Mrs,0,0,0,1,0,0,0,0,0,0,0,0,1,0,0,1,0,1,0,0,0,0,0,0,0,2.8390784635086144,1
349,0,3.0,1,1,15.9,U,Master,0,0,0,1,0,0,0,0,0,0,0,1,0,0,0,1,0,0,1,0,0,0,0,0,0,2.8273136219290276,1
350,0,42.0,0,0,8.6625,U,Mr,1,0,0,1,1,0,0,0,0,0,0,0,0,0,0,1,1,0,0,0,0,0,0,0,0,2.2682524139135403,0
351,0,23.0,0,0,9.225,U,Mr,1,0,0,1,0,0,0,0,0,0,0,0,1,0,0,1,1,0,0,0,0,0,0,0,0,2.3248357019288655,0
352,0,41.5,0,0,35.0,C,Mr,1,1,0,0,1,0,0,0,0,0,0,0,0,0,0,1,1,0,0,0,0,0,0,0,0,3.58351893845611,0
353,0,15.0,1,1,7.2292,U,Mr,0,0,0,1,0,0,0,0,0,0,1,0,0,1,0,0,0,0,1,0,0,0,0,0,0,2.1076888046179385,0
354,0,25.0,1,0,17.8,U,Mr,0,0,0,1,0,0,0,0,0,0,0,0,1,0,0,1,0,1,0,0,0,0,0,0,0,2.9338568698359038,0
355,0,26.0,0,0,7.225,U,Mr,1,0,0,1,0,0,0,0,0,0,0,0,1,1,0,0,1,0,0,0,0,0,0,0,0,2.1071782966514356,0
356,0,28.0,0,0,9.5,U,Mr,1,0,0,1,0,0,0,0,0,0,0,0,1,0,0,1,1,0,0,0,0,0,0,0,0,2.3513752571634776,0
357,1,22.0,0,1,55.0,E,Miss,0,1,0,0,0,0,0,0,0,0,0,0,1,0,0,1,0,1,0,0,0,0,0,0,0,4.02535169073515,1
358,1,38.0,0,0,13.0,U,Miss,1,0,1,0,1,0,0,0,0,0,0,0,0,0,0,1,1,0,0,0,0,0,0,0,0,2.6390573296152584,0
359,1,18.0,0,0,7.8792,U,Miss,1,0,0,1,0,0,0,0,0,0,1,0,0,0,1,0,1,0,0,0,0,0,0,0,0,2.1837114628556327,1
360,1,18.0,0,0,7.8792,U,Miss,1,0,0,1,0,0,0,0,0,0,1,0,0,0,1,0,1,0,0,0,0,0,0,0,0,2.1837114628556327,1
361,0,40.0,1,4,27.9,U,Mr,0,0,0,1,1,0,0,0,0,0,0,0,0,0,0,1,0,0,0,0,0,1,0,0,0,3.3638415951183864,0
362,0,29.0,1,0,27.7208,U,Mr,0,0,1,0,0,0,0,0,0,0,0,0,1,1,0,0,0,1,0,0,0,0,0,0,0,3.357621598945279,0
363,1,45.0,0,1,14.4542,U,Mrs,0,0,0,1,1,0,0,0,0,0,0,0,0,1,0,0,0,1,0,0,0,0,0,0,0,2.737880811060884,0
364,0,35.0,0,0,7.05,U,Mr,1,0,0,1,0,0,0,0,0,0,0,0,1,0,0,1,1,0,0,0,0,0,0,0,0,2.0856720914304723,0
365,0,26.0,1,0,15.5,U,Mr,0,0,0,1,0,0,0,0,0,0,0,0,1,0,1,0,0,1,0,0,0,0,0,0,0,2.803360380906535,0
366,0,30.0,0,0,7.25,U,Mr,1,0,0,1,0,0,0,0,0,0,0,0,1,0,0,1,1,0,0,0,0,0,0,0,0,2.1102132003465894,0
367,1,60.0,1,0,75.25,D,Mrs,0,1,0,0,0,0,0,0,0,1,0,0,0,1,0,0,0,1,0,0,0,0,0,0,0,4.334017415487521,1
368,1,31.0,0,0,7.2292,U,Mrs,1,0,0,1,0,0,0,0,0,0,0,0,1,1,0,0,1,0,0,0,0,0,0,0,0,2.1076888046179385,1
369,1,18.0,0,0,7.75,U,Miss,1,0,0,1,0,0,0,0,0,0,1,0,0,0,1,0,1,0,0,0,0,0,0,0,0,2.169053700369523,1
370,1,24.0,0,0,69.3,B,Miss,1,1,0,0,0,0,0,0,0,0,0,0,1,1,0,0,1,0,0,0,0,0,0,0,0,4.252771798816619,1
371,0,25.0,1,0,55.4417,E,Mr,0,1,0,0,0,0,0,0,0,0,0,0,1,1,0,0,0,1,0,0,0,0,0,0,0,4.0332082470129285,1
372,0,18.0,1,0,6.4958,U,Mr,0,0,0,1,0,0,0,0,0,0,1,0,0,0,0,1,0,1,0,0,0,0,0,0,0,2.0143428636837015,0
373,0,19.0,0,0,8.05,U,Mr,1,0,0,1,0,0,0,0,0,0,0,0,1,0,0,1,1,0,0,0,0,0,0,0,0,2.2027647577118348,0
374,0,22.0,0,0,135.6333,U,Mr,1,1,0,0,0,0,0,0,0,0,0,0,1,1,0,0,1,0,0,0,0,0,0,0,0,4.91730069488021,0
375,1,3.0,3,1,21.075,U,Miss,0,0,0,1,0,0,0,0,0,0,0,1,0,0,0,1,0,0,0,0,1,0,0,0,0,3.0944457464900235,0
376,1,45.0,1,0,82.1708,U,Mrs,0,1,0,0,1,0,0,0,0,0,0,0,0,1,0,0,0,1,0,0,0,0,0,0,0,4.420896324687287,1
377,1,22.0,0,0,7.25,U,Miss,1,0,0,1,0,0,0,0,0,0,0,0,1,0,0,1,1,0,0,0,0,0,0,0,0,2.1102132003465894,1
378,0,27.0,0,2,211.5,C,Mr,0,1,0,0,0,0,0,0,0,0,0,0,1,1,0,0,0,0,1,0,0,0,0,0,0,5.358941988364472,0
379,0,20.0,0,0,4.0125,U,Mr,1,0,0,1,0,0,0,0,0,0,0,0,1,1,0,0,1,0,0,0,0,0,0,0,0,1.6119347926326877,0
380,0,19.0,0,0,7.775,U,Mr,1,0,0,1,0,0,0,0,0,0,0,0,1,0,0,1,1,0,0,0,0,0,0,0,0,2.1719067693519296,0
381,1,42.0,0,0,227.525,U,Miss,1,1,0,0,1,0,0,0,0,0,0,0,0,1,0,0,1,0,0,0,0,0,0,0,0,5.4316456135398825,1
382,1,1.0,0,2,15.7417,U,Miss,0,0,0,1,0,0,0,1,0,0,0,0,0,1,0,0,0,0,1,0,0,0,0,0,0,2.817902613071225,1
383,0,32.0,0,0,7.925,U,Mr,1,0,0,1,0,0,0,0,0,0,0,0,1,0,0,1,1,0,0,0,0,0,0,0,0,2.188856327665703,0
384,1,35.0,1,0,52.0,U,Mrs,0,1,0,0,0,0,0,0,0,0,0,0,1,0,0,1,0,1,0,0,0,0,0,0,0,3.970291913552122,1
385,0,26.0,0,0,7.8958,U,Mr,1,0,0,1,0,0,0,0,0,0,0,0,1,0,0,1,1,0,0,0,0,0,0,0,0,2.1855792552411137,0
386,0,18.0,0,0,73.5,U,Mr,1,0,1,0,0,0,0,0,0,0,1,0,0,0,0,1,1,0,0,0,0,0,0,0,0,4.310799125385514,0
387,0,1.0,5,2,46.9,U,Master,0,0,0,1,0,0,0,1,0,0,0,0,0,0,0,1,0,0,0,0,0,0,0,1,0,3.8691155044168695,0
388,1,36.0,0,0,13.0,U,Miss,1,0,1,0,1,0,0,0,0,0,0,0,0,0,0,1,1,0,0,0,0,0,0,0,0,2.6390573296152584,1
389,0,26.0,0,0,7.7292,U,Mr,1,0,0,1,0,0,0,0,0,0,0,0,1,0,1,0,1,0,0,0,0,0,0,0,0,2.1666737276227077,0
390,1,17.0,0,0,12.0,U,Miss,1,0,1,0,0,0,0,0,0,0,1,0,0,1,0,0,1,0,0,0,0,0,0,0,0,2.5649493574615367,1
391,0,36.0,1,2,120.0,B,Mr,0,1,0,0,1,0,0,0,0,0,0,0,0,0,0,1,0,0,0,1,0,0,0,0,0,4.795790545596741,1
392,0,21.0,0,0,7.7958,U,Mr,1,0,0,1,0,0,0,0,0,0,0,0,1,0,0,1,1,0,0,0,0,0,0,0,0,2.174274334826008,1
393,0,28.0,2,0,7.925,U,Mr,0,0,0,1,0,0,0,0,0,0,0,0,1,0,0,1,0,0,1,0,0,0,0,0,0,2.188856327665703,0
394,1,23.0,1,0,113.275,D,Miss,0,1,0,0,0,0,0,0,0,0,0,0,1,1,0,0,0,1,0,0,0,0,0,0,0,4.738607824217808,1
395,1,24.0,0,2,16.7,G,Mrs,0,0,0,1,0,0,0,0,0,0,0,0,1,0,0,1,0,0,1,0,0,0,0,0,0,2.8735646395797834,1
396,0,22.0,0,0,7.7958,U,Mr,1,0,0,1,0,0,0,0,0,0,0,0,1,0,0,1,1,0,0,0,0,0,0,0,0,2.174274334826008,0
397,1,31.0,0,0,7.8542,U,Miss,1,0,0,1,0,0,0,0,0,0,0,0,1,0,0,1,1,0,0,0,0,0,0,0,0,2.180891922715322,0
398,0,46.0,0,0,26.0,U,Mr,1,0,1,0,0,0,0,0,1,0,0,0,0,0,0,1,1,0,0,0,0,0,0,0,0,3.295836866004329,0
399,0,23.0,0,0,10.5,U,Officer,1,0,1,0,0,0,0,0,0,0,0,0,1,0,0,1,1,0,0,0,0,0,0,0,0,2.4423470353692043,0
400,1,28.0,0,0,12.65,U,Mrs,1,0,1,0,0,0,0,0,0,0,0,0,1,0,0,1,1,0,0,0,0,0,0,0,0,2.613739521630969,1
401,0,39.0,0,0,7.925,U,Mr,1,0,0,1,1,0,0,0,0,0,0,0,0,0,0,1,1,0,0,0,0,0,0,0,0,2.188856327665703,1
402,0,26.0,0,0,8.05,U,Mr,1,0,0,1,0,0,0,0,0,0,0,0,1,0,0,1,1,0,0,0,0,0,0,0,0,2.2027647577118348,0
403,1,21.0,1,0,9.825,U,Miss,0,0,0,1,0,0,0,0,0,0,0,0,1,0,0,1,0,1,0,0,0,0,0,0,0,2.3818582738885534,0
404,0,28.0,1,0,15.85,U,Mr,0,0,0,1,0,0,0,0,0,0,0,0,1,0,0,1,0,1,0,0,0,0,0,0,0,2.8243506567983707,0
405,1,20.0,0,0,8.6625,U,Miss,1,0,0,1,0,0,0,0,0,0,0,0,1,0,0,1,1,0,0,0,0,0,0,0,0,2.2682524139135403,0
406,0,34.0,1,0,21.0,U,Mr,0,0,1,0,0,0,0,0,0,0,0,0,1,0,0,1,0,1,0,0,0,0,0,0,0,3.091042453358316,0
407,0,51.0,0,0,7.75,U,Mr,1,0,0,1,0,0,0,0,1,0,0,0,0,0,0,1,1,0,0,0,0,0,0,0,0,2.169053700369523,0
408,0,3.0,1,1,18.75,U,Master,0,0,1,0,0,0,0,0,0,0,0,1,0,0,0,1,0,0,1,0,0,0,0,0,0,2.9831534913471307,1
409,0,21.0,0,0,7.775,U,Mr,1,0,0,1,0,0,0,0,0,0,0,0,1,0,0,1,1,0,0,0,0,0,0,0,0,2.1719067693519296,0
410,1,18.0,3,1,25.4667,U,Miss,0,0,0,1,0,0,0,0,0,0,1,0,0,0,0,1,0,0,0,0,1,0,0,0,0,3.275887339030031,0
411,0,26.0,0,0,7.8958,U,Mr,1,0,0,1,0,0,0,0,0,0,0,0,1,0,0,1,1,0,0,0,0,0,0,0,0,2.1855792552411137,0
412,0,26.0,0,0,6.8583,U,Mr,1,0,0,1,0,0,0,0,0,0,0,0,1,0,1,0,1,0,0,0,0,0,0,0,0,2.061570298060867,0
413,1,33.0,1,0,90.0,C,Miss,0,1,0,0,0,0,0,0,0,0,0,0,1,0,1,0,0,1,0,0,0,0,0,0,0,4.51085950651685,1
414,0,30.0,0,0,0.0,U,Mr,1,0,1,0,0,0,0,0,0,0,0,0,1,0,0,1,1,0,0,0,0,0,0,0,0,0.0,0
415,0,44.0,0,0,7.925,U,Mr,1,0,0,1,1,0,0,0,0,0,0,0,0,0,0,1,1,0,0,0,0,0,0,0,0,2.188856327665703,1
416,1,31.0,0,0,8.05,U,Mrs,1,0,0,1,0,0,0,0,0,0,0,0,1,0,0,1,1,0,0,0,0,0,0,0,0,2.2027647577118348,0
417,1,34.0,1,1,32.5,U,Mrs,0,0,1,0,0,0,0,0,0,0,0,0,1,0,0,1,0,0,1,0,0,0,0,0,0,3.5115454388310208,1
418,1,18.0,0,2,13.0,U,Miss,0,0,1,0,0,0,0,0,0,0,1,0,0,0,0,1,0,0,1,0,0,0,0,0,0,2.6390573296152584,1
419,0,30.0,0,0,13.0,U,Mr,1,0,1,0,0,0,0,0,0,0,0,0,1,0,0,1,1,0,0,0,0,0,0,0,0,2.6390573296152584,0
420,1,10.0,0,2,24.15,U,Miss,0,0,0,1,0,1,0,0,0,0,0,0,0,0,0,1,0,0,1,0,0,0,0,0,0,3.224857896545748,0
421,0,26.0,0,0,7.8958,U,Mr,1,0,0,1,0,0,0,0,0,0,0,0,1,1,0,0,1,0,0,0,0,0,0,0,0,2.1855792552411137,0
422,0,21.0,0,0,7.7333,U,Mr,1,0,0,1,0,0,0,0,0,0,0,0,1,0,1,0,1,0,0,0,0,0,0,0,0,2.167143305297764,0
423,0,29.0,0,0,7.875,U,Mr,1,0,0,1,0,0,0,0,0,0,0,0,1,0,0,1,1,0,0,0,0,0,0,0,0,2.1832383353614797,0
424,1,28.0,1,1,14.4,U,Mrs,0,0,0,1,0,0,0,0,0,0,0,0,1,0,0,1,0,0,1,0,0,0,0,0,0,2.7343675094195836,0
425,0,18.0,1,1,20.2125,U,Mr,0,0,0,1,0,0,0,0,0,0,1,0,0,0,0,1,0,0,1,0,0,0,0,0,0,3.0545906305603445,0
426,0,26.0,0,0,7.25,U,Mr,1,0,0,1,0,0,0,0,0,0,0,0,1,0,0,1,1,0,0,0,0,0,0,0,0,2.1102132003465894,0
427,1,28.0,1,0,26.0,U,Mrs,0,0,1,0,0,0,0,0,0,0,0,0,1,0,0,1,0,1,0,0,0,0,0,0,0,3.295836866004329,1
428,1,19.0,0,0,26.0,U,Miss,1,0,1,0,0,0,0,0,0,0,0,0,1,0,0,1,1,0,0,0,0,0,0,0,0,3.295836866004329,1
429,0,26.0,0,0,7.75,U,Mr,1,0,0,1,0,0,0,0,0,0,0,0,1,0,1,0,1,0,0,0,0,0,0,0,0,2.169053700369523,0
430,0,32.0,0,0,8.05,E,Mr,1,0,0,1,0,0,0,0,0,0,0,0,1,0,0,1,1,0,0,0,0,0,0,0,0,2.2027647577118348,1
431,0,28.0,0,0,26.55,C,Mr,1,1,0,0,0,0,0,0,0,0,0,0,1,0,0,1,1,0,0,0,0,0,0,0,0,3.3160025355989236,1
432,1,31.0,1,0,16.1,U,Mrs,0,0,0,1,0,0,0,0,0,0,0,0,1,0,0,1,0,1,0,0,0,0,0,0,0,2.8390784635086144,1
433,1,42.0,1,0,26.0,U,Mrs,0,0,1,0,1,0,0,0,0,0,0,0,0,0,0,1,0,1,0,0,0,0,0,0,0,3.295836866004329,1
434,0,17.0,0,0,7.125,U,Mr,1,0,0,1,0,0,0,0,0,0,1,0,0,0,0,1,1,0,0,0,0,0,0,0,0,2.094945728215801,0
435,0,50.0,1,0,55.9,E,Mr,0,1,0,0,0,0,0,0,1,0,0,0,0,0,0,1,0,1,0,0,0,0,0,0,0,4.041295341132285,0
436,1,14.0,1,2,120.0,B,Miss,0,1,0,0,0,0,0,0,0,0,1,0,0,0,0,1,0,0,0,1,0,0,0,0,0,4.795790545596741,1
437,1,21.0,2,2,34.375,U,Miss,0,0,0,1,0,0,0,0,0,0,0,0,1,0,0,1,0,0,0,0,1,0,0,0,0,3.5660053559634015,0
438,1,24.0,2,3,18.75,U,Mrs,0,0,1,0,0,0,0,0,0,0,0,0,1,0,0,1,0,0,0,0,0,1,0,0,0,2.9831534913471307,1
439,0,64.0,1,4,263.0,C,Mr,0,1,0,0,0,0,0,0,0,1,0,0,0,0,0,1,0,0,0,0,0,1,0,0,0,5.575949103146316,0
440,0,31.0,0,0,10.5,U,Mr,1,0,1,0,0,0,0,0,0,0,0,0,1,0,0,1,1,0,0,0,0,0,0,0,0,2.4423470353692043,0
441,1,45.0,1,1,26.25,U,Mrs,0,0,1,0,1,0,0,0,0,0,0,0,0,0,0,1,0,0,1,0,0,0,0,0,0,3.305053521109253,1
442,0,20.0,0,0,9.5,U,Mr,1,0,0,1,0,0,0,0,0,0,0,0,1,0,0,1,1,0,0,0,0,0,0,0,0,2.3513752571634776,0
443,0,25.0,1,0,7.775,U,Mr,0,0,0,1,0,0,0,0,0,0,0,0,1,0,0,1,0,1,0,0,0,0,0,0,0,2.1719067693519296,0
444,1,28.0,0,0,13.0,U,Miss,1,0,1,0,0,0,0,0,0,0,0,0,1,0,0,1,1,0,0,0,0,0,0,0,0,2.6390573296152584,1
445,0,26.0,0,0,8.1125,U,Mr,1,0,0,1,0,0,0,0,0,0,0,0,1,0,0,1,1,0,0,0,0,0,0,0,0,2.2096470973347766,1
446,0,4.0,0,2,81.8583,A,Master,0,1,0,0,0,0,0,0,0,0,0,1,0,0,0,1,0,0,1,0,0,0,0,0,0,4.417131919904876,1
447,1,13.0,0,1,19.5,U,Miss,0,0,1,0,0,1,0,0,0,0,0,0,0,0,0,1,0,1,0,0,0,0,0,0,0,3.0204248861443626,1
448,0,34.0,0,0,26.55,U,Mr,1,1,0,0,0,0,0,0,0,0,0,0,1,0,0,1,1,0,0,0,0,0,0,0,0,3.3160025355989236,1
449,1,5.0,2,1,19.2583,U,Miss,0,0,0,1,0,1,0,0,0,0,0,0,0,1,0,0,0,0,0,1,0,0,0,0,0,3.0085645861193133,1
450,0,52.0,0,0,30.5,C,Officer,1,1,0,0,0,0,0,0,1,0,0,0,0,0,0,1,1,0,0,0,0,0,0,0,0,3.449987545831587,1
451,0,36.0,1,2,27.75,U,Mr,0,0,1,0,1,0,0,0,0,0,0,0,0,0,0,1,0,0,0,1,0,0,0,0,0,3.3586377672433594,0
452,0,26.0,1,0,19.9667,U,Mr,0,0,0,1,0,0,0,0,0,0,0,0,1,0,0,1,0,1,0,0,0,0,0,0,0,3.0429354648621407,0
453,0,30.0,0,0,27.75,C,Mr,1,1,0,0,0,0,0,0,0,0,0,0,1,1,0,0,1,0,0,0,0,0,0,0,0,3.3586377672433594,0
454,0,49.0,1,0,89.1042,C,Mr,0,1,0,0,0,0,0,0,1,0,0,0,0,1,0,0,0,1,0,0,0,0,0,0,0,4.500966778400217,1
455,0,26.0,0,0,8.05,U,Mr,1,0,0,1,0,0,0,0,0,0,0,0,1,0,0,1,1,0,0,0,0,0,0,0,0,2.2027647577118348,0
456,0,29.0,0,0,7.8958,U,Mr,1,0,0,1,0,0,0,0,0,0,0,0,1,1,0,0,1,0,0,0,0,0,0,0,0,2.1855792552411137,1
457,0,65.0,0,0,26.55,E,Mr,1,1,0,0,0,0,0,0,0,1,0,0,0,0,0,1,1,0,0,0,0,0,0,0,0,3.3160025355989236,0
458,1,45.0,1,0,51.8625,D,Mrs,0,1,0,0,1,0,0,0,0,0,0,0,0,0,0,1,0,1,0,0,0,0,0,0,0,3.967694202798607,1
459,1,50.0,0,0,10.5,U,Miss,1,0,1,0,0,0,0,0,1,0,0,0,0,0,0,1,1,0,0,0,0,0,0,0,0,2.4423470353692043,1
460,0,26.0,0,0,7.75,U,Mr,1,0,0,1,0,0,0,0,0,0,0,0,1,0,1,0,1,0,0,0,0,0,0,0,0,2.169053700369523,0
461,0,48.0,0,0,26.55,E,Mr,1,1,0,0,0,0,0,0,1,0,0,0,0,0,0,1,1,0,0,0,0,0,0,0,0,3.3160025355989236,1
462,0,34.0,0,0,8.05,U,Mr,1,0,0,1,0,0,0,0,0,0,0,0,1,0,0,1,1,0,0,0,0,0,0,0,0,2.2027647577118348,0
463,0,47.0,0,0,38.5,E,Mr,1,1,0,0,0,0,0,0,1,0,0,0,0,0,0,1,1,0,0,0,0,0,0,0,0,3.676300671907076,0
464,0,48.0,0,0,13.0,U,Mr,1,0,1,0,0,0,0,0,1,0,0,0,0,0,0,1,1,0,0,0,0,0,0,0,0,2.6390573296152584,0
465,0,26.0,0,0,8.05,U,Mr,1,0,0,1,0,0,0,0,0,0,0,0,1,0,0,1,1,0,0,0,0,0,0,0,0,2.2027647577118348,0
466,0,38.0,0,0,7.05,U,Mr,1,0,0,1,1,0,0,0,0,0,0,0,0,0,0,1,1,0,0,0,0,0,0,0,0,2.0856720914304723,0
467,0,30.0,0,0,0.0,U,Mr,1,0,1,0,0,0,0,0,0,0,0,0,1,0,0,1,1,0,0,0,0,0,0,0,0,0.0,0
468,0,56.0,0,0,26.55,U,Mr,1,1,0,0,0,0,0,0,0,1,0,0,0,0,0,1,1,0,0,0,0,0,0,0,0,3.3160025355989236,0
469,0,26.0,0,0,7.725,U,Mr,1,0,0,1,0,0,0,0,0,0,0,0,1,0,1,0,1,0,0,0,0,0,0,0,0,2.1661924680884908,0
470,1,0.75,2,1,19.2583,U,Miss,0,0,0,1,0,0,0,1,0,0,0,0,0,1,0,0,0,0,0,1,0,0,0,0,0,3.0085645861193133,1
471,0,26.0,0,0,7.25,U,Mr,1,0,0,1,0,0,0,0,0,0,0,0,1,0,0,1,1,0,0,0,0,0,0,0,0,2.1102132003465894,0
472,0,38.0,0,0,8.6625,U,Mr,1,0,0,1,1,0,0,0,0,0,0,0,0,0,0,1,1,0,0,0,0,0,0,0,0,2.2682524139135403,0
473,1,33.0,1,2,27.75,U,Mrs,0,0,1,0,0,0,0,0,0,0,0,0,1,0,0,1,0,0,0,1,0,0,0,0,0,3.3586377672433594,1
474,1,23.0,0,0,13.7917,D,Mrs,1,0,1,0,0,0,0,0,0,0,0,0,1,1,0,0,1,0,0,0,0,0,0,0,0,2.694066212646058,1
475,1,22.0,0,0,9.8375,U,Miss,1,0,0,1,0,0,0,0,0,0,0,0,1,0,0,1,1,0,0,0,0,0,0,0,0,2.3830123421066602,0
476,0,41.5,0,0,52.0,A,Mr,1,1,0,0,1,0,0,0,0,0,0,0,0,0,0,1,1,0,0,0,0,0,0,0,0,3.970291913552122,0
477,0,34.0,1,0,21.0,U,Mr,0,0,1,0,0,0,0,0,0,0,0,0,1,0,0,1,0,1,0,0,0,0,0,0,0,3.091042453358316,0
478,0,29.0,1,0,7.0458,U,Mr,0,0,0,1,0,0,0,0,0,0,0,0,1,0,0,1,0,1,0,0,0,0,0,0,0,2.0851502161468174,0
479,0,22.0,0,0,7.5208,U,Mr,1,0,0,1,0,0,0,0,0,0,0,0,1,0,0,1,1,0,0,0,0,0,0,0,0,2.142510233146819,0
480,1,2.0,0,1,12.2875,U,Miss,0,0,0,1,0,0,0,0,0,0,0,1,0,0,0,1,0,1,0,0,0,0,0,0,0,2.586823743668066,1
481,0,9.0,5,2,46.9,U,Master,0,0,0,1,0,1,0,0,0,0,0,0,0,0,0,1,0,0,0,0,0,0,0,1,0,3.8691155044168695,0
482,0,30.0,0,0,0.0,U,Mr,1,0,1,0,0,0,0,0,0,0,0,0,1,0,0,1,1,0,0,0,0,0,0,0,0,0.0,0
483,0,50.0,0,0,8.05,U,Mr,1,0,0,1,0,0,0,0,1,0,0,0,0,0,0,1,1,0,0,0,0,0,0,0,0,2.2027647577118348,0
484,1,63.0,0,0,9.5875,U,Mrs,1,0,0,1,0,0,0,0,0,1,0,0,0,0,0,1,1,0,0,0,0,0,0,0,0,2.3596740599781727,1
485,0,25.0,1,0,91.0792,B,Mr,0,1,0,0,0,0,0,0,0,0,0,0,1,1,0,0,0,1,0,0,0,0,0,0,0,4.5226490762785785,1
486,1,18.0,3,1,25.4667,U,Miss,0,0,0,1,0,0,0,0,0,0,1,0,0,0,0,1,0,0,0,0,1,0,0,0,0,3.275887339030031,0
487,1,35.0,1,0,90.0,C,Mrs,0,1,0,0,0,0,0,0,0,0,0,0,1,0,0,1,0,1,0,0,0,0,0,0,0,4.51085950651685,1
488,0,58.0,0,0,29.7,B,Mr,1,1,0,0,0,0,0,0,0,1,0,0,0,1,0,0,1,0,0,0,0,0,0,0,0,3.4242626545931514,0
489,0,30.0,0,0,8.05,U,Mr,1,0,0,1,0,0,0,0,0,0,0,0,1,0,0,1,1,0,0,0,0,0,0,0,0,2.2027647577118348,0
490,0,9.0,1,1,15.9,U,Master,0,0,0,1,0,1,0,0,0,0,0,0,0,0,0,1,0,0,1,0,0,0,0,0,0,2.8273136219290276,1
491,0,26.0,1,0,19.9667,U,Mr,0,0,0,1,0,0,0,0,0,0,0,0,1,0,0,1,0,1,0,0,0,0,0,0,0,3.0429354648621407,0
492,0,21.0,0,0,7.25,U,Mr,1,0,0,1,0,0,0,0,0,0,0,0,1,0,0,1,1,0,0,0,0,0,0,0,0,2.1102132003465894,0
493,0,55.0,0,0,30.5,C,Mr,1,1,0,0,0,0,0,0,1,0,0,0,0,0,0,1,1,0,0,0,0,0,0,0,0,3.449987545831587,0
494,0,71.0,0,0,49.5042,U,Mr,1,1,0,0,0,0,1,0,0,0,0,0,0,1,0,0,1,0,0,0,0,0,0,0,0,3.922056501139853,0
495,0,21.0,0,0,8.05,U,Mr,1,0,0,1,0,0,0,0,0,0,0,0,1,0,0,1,1,0,0,0,0,0,0,0,0,2.2027647577118348,0
496,0,26.0,0,0,14.4583,U,Mr,1,0,0,1,0,0,0,0,0,0,0,0,1,1,0,0,1,0,0,0,0,0,0,0,0,2.738146075922933,0
497,1,54.0,1,0,78.2667,D,Miss,0,1,0,0,0,0,0,0,1,0,0,0,0,1,0,0,0,1,0,0,0,0,0,0,0,4.37281811610993,1
498,0,26.0,0,0,15.1,U,Mr,1,0,0,1,0,0,0,0,0,0,0,0,1,0,0,1,1,0,0,0,0,0,0,0,0,2.7788192719904172,0
499,1,25.0,1,2,151.55,C,Mrs,0,1,0,0,0,0,0,0,0,0,0,0,1,0,0,1,0,0,0,1,0,0,0,0,0,5.027492411162679,0
500,0,24.0,0,0,7.7958,U,Mr,1,0,0,1,0,0,0,0,0,0,0,0,1,0,0,1,1,0,0,0,0,0,0,0,0,2.174274334826008,0
501,0,17.0,0,0,8.6625,U,Mr,1,0,0,1,0,0,0,0,0,0,1,0,0,0,0,1,1,0,0,0,0,0,0,0,0,2.2682524139135403,0
502,1,21.0,0,0,7.75,U,Miss,1,0,0,1,0,0,0,0,0,0,0,0,1,0,1,0,1,0,0,0,0,0,0,0,0,2.169053700369523,0
503,1,18.0,0,0,7.6292,U,Miss,1,0,0,1,0,0,0,0,0,0,1,0,0,0,1,0,1,0,0,0,0,0,0,0,0,2.155151800914312,0
504,1,37.0,0,0,9.5875,U,Miss,1,0,0,1,1,0,0,0,0,0,0,0,0,0,0,1,1,0,0,0,0,0,0,0,0,2.3596740599781727,0
505,1,16.0,0,0,86.5,B,Miss,1,1,0,0,0,0,0,0,0,0,1,0,0,0,0,1,1,0,0,0,0,0,0,0,0,4.471638793363569,1
506,0,18.0,1,0,108.9,C,Mr,0,1,0,0,0,0,0,0,0,0,1,0,0,1,0,0,0,1,0,0,0,0,0,0,0,4.699570861409576,0
507,1,33.0,0,2,26.0,U,Mrs,0,0,1,0,0,0,0,0,0,0,0,0,1,0,0,1,0,0,1,0,0,0,0,0,0,3.295836866004329,1
508,0,41.5,0,0,26.55,U,Mr,1,1,0,0,1,0,0,0,0,0,0,0,0,0,0,1,1,0,0,0,0,0,0,0,0,3.3160025355989236,1
509,0,28.0,0,0,22.525,U,Mr,1,0,0,1,0,0,0,0,0,0,0,0,1,0,0,1,1,0,0,0,0,0,0,0,0,3.1580636854714434,0
510,0,26.0,0,0,56.4958,U,Mr,1,0,0,1,0,0,0,0,0,0,0,0,1,0,0,1,1,0,0,0,0,0,0,0,0,4.05171190165724,1
511,0,29.0,0,0,7.75,U,Mr,1,0,0,1,0,0,0,0,0,0,0,0,1,0,1,0,1,0,0,0,0,0,0,0,0,2.169053700369523,1
512,0,26.0,0,0,8.05,U,Mr,1,0,0,1,0,0,0,0,0,0,0,0,1,0,0,1,1,0,0,0,0,0,0,0,0,2.2027647577118348,0
513,0,36.0,0,0,26.2875,E,Mr,1,1,0,0,1,0,0,0,0,0,0,0,0,0,0,1,1,0,0,0,0,0,0,0,0,3.3064287218760624,1
514,1,54.0,1,0,59.4,U,Mrs,0,1,0,0,0,0,0,0,1,0,0,0,0,1,0,0,0,1,0,0,0,0,0,0,0,4.100989104940769,1
515,0,24.0,0,0,7.4958,U,Mr,1,0,0,1,0,0,0,0,0,0,0,0,1,0,0,1,1,0,0,0,0,0,0,0,0,2.139571923732859,0
516,0,47.0,0,0,34.0208,D,Mr,1,1,0,0,0,0,0,0,1,0,0,0,0,0,0,1,1,0,0,0,0,0,0,0,0,3.5559421706858756,0
517,1,34.0,0,0,10.5,F,Mrs,1,0,1,0,0,0,0,0,0,0,0,0,1,0,0,1,1,0,0,0,0,0,0,0,0,2.4423470353692043,1
518,0,26.0,0,0,24.15,U,Mr,1,0,0,1,0,0,0,0,0,0,0,0,1,0,1,0,1,0,0,0,0,0,0,0,0,3.224857896545748,0
519,1,36.0,1,0,26.0,U,Mrs,0,0,1,0,1,0,0,0,0,0,0,0,0,0,0,1,0,1,0,0,0,0,0,0,0,3.295836866004329,1
520,0,32.0,0,0,7.8958,U,Mr,1,0,0,1,0,0,0,0,0,0,0,0,1,0,0,1,1,0,0,0,0,0,0,0,0,2.1855792552411137,0
521,1,30.0,0,0,93.5,B,Miss,1,1,0,0,0,0,0,0,0,0,0,0,1,0,0,1,1,0,0,0,0,0,0,0,0,4.548599834499697,1
522,0,22.0,0,0,7.8958,U,Mr,1,0,0,1,0,0,0,0,0,0,0,0,1,0,0,1,1,0,0,0,0,0,0,0,0,2.1855792552411137,0
523,0,26.0,0,0,7.225,U,Mr,1,0,0,1,0,0,0,0,0,0,0,0,1,1,0,0,1,0,0,0,0,0,0,0,0,2.1071782966514356,0
524,1,44.0,0,1,57.9792,B,Mrs,0,1,0,0,1,0,0,0,0,0,0,0,0,1,0,0,0,1,0,0,0,0,0,0,0,4.077184839375167,1
525,0,26.0,0,0,7.2292,U,Mr,1,0,0,1,0,0,0,0,0,0,0,0,1,1,0,0,1,0,0,0,0,0,0,0,0,2.1076888046179385,0
526,0,40.5,0,0,7.75,U,Mr,1,0,0,1,1,0,0,0,0,0,0,0,0,0,1,0,1,0,0,0,0,0,0,0,0,2.169053700369523,0
527,1,50.0,0,0,10.5,U,Miss,1,0,1,0,0,0,0,0,1,0,0,0,0,0,0,1,1,0,0,0,0,0,0,0,0,2.4423470353692043,1
528,0,41.5,0,0,221.7792,C,Mr,1,1,0,0,1,0,0,0,0,0,0,0,0,0,0,1,1,0,0,0,0,0,0,0,0,5.406181146423973,0
529,0,39.0,0,0,7.925,U,Mr,1,0,0,1,1,0,0,0,0,0,0,0,0,0,0,1,1,0,0,0,0,0,0,0,0,2.188856327665703,0
530,0,23.0,2,1,11.5,U,Mr,0,0,1,0,0,0,0,0,0,0,0,0,1,0,0,1,0,0,0,1,0,0,0,0,0,2.5257286443082556,0
531,1,2.0,1,1,26.0,U,Miss,0,0,1,0,0,0,0,0,0,0,0,1,0,0,0,1,0,0,1,0,0,0,0,0,0,3.295836866004329,1
532,0,26.0,0,0,7.2292,U,Mr,1,0,0,1,0,0,0,0,0,0,0,0,1,1,0,0,1,0,0,0,0,0,0,0,0,2.1076888046179385,0
533,0,17.0,1,1,7.2292,U,Mr,0,0,0,1,0,0,0,0,0,0,1,0,0,1,0,0,0,0,1,0,0,0,0,0,0,2.1076888046179385,0
534,1,31.0,0,2,22.3583,U,Mrs,0,0,0,1,0,0,0,0,0,0,0,0,1,1,0,0,0,0,1,0,0,0,0,0,0,3.1509523813392697,1
535,1,30.0,0,0,8.6625,U,Miss,1,0,0,1,0,0,0,0,0,0,0,0,1,0,0,1,1,0,0,0,0,0,0,0,0,2.2682524139135403,0
536,1,7.0,0,2,26.25,U,Miss,0,0,1,0,0,1,0,0,0,0,0,0,0,0,0,1,0,0,1,0,0,0,0,0,0,3.305053521109253,1
537,0,45.0,0,0,26.55,B,Officer,1,1,0,0,1,0,0,0,0,0,0,0,0,0,0,1,1,0,0,0,0,0,0,0,0,3.3160025355989236,0
538,1,30.0,0,0,106.425,U,Miss,1,1,0,0,0,0,0,0,0,0,0,0,1,1,0,0,1,0,0,0,0,0,0,0,0,4.676792929661059,1
539,0,26.0,0,0,14.5,U,Mr,1,0,0,1,0,0,0,0,0,0,0,0,1,0,0,1,1,0,0,0,0,0,0,0,0,2.740840023925201,0
540,1,22.0,0,2,49.5,B,Miss,0,1,0,0,0,0,0,0,0,0,0,0,1,1,0,0,0,0,1,0,0,0,0,0,0,3.9219733362813143,1
541,1,36.0,0,2,71.0,B,Miss,0,1,0,0,1,0,0,0,0,0,0,0,0,0,0,1,0,0,1,0,0,0,0,0,0,4.276666119016055,1
542,1,9.0,4,2,31.275,U,Miss,0,0,0,1,0,1,0,0,0,0,0,0,0,0,0,1,0,0,0,0,0,0,1,0,0,3.4742929367327062,0
543,1,11.0,4,2,31.275,U,Miss,0,0,0,1,0,1,0,0,0,0,0,0,0,0,0,1,0,0,0,0,0,0,1,0,0,3.4742929367327062,0
544,0,32.0,1,0,26.0,U,Mr,0,0,1,0,0,0,0,0,0,0,0,0,1,0,0,1,0,1,0,0,0,0,0,0,0,3.295836866004329,1
545,0,50.0,1,0,106.425,C,Mr,0,1,0,0,0,0,0,0,1,0,0,0,0,1,0,0,0,1,0,0,0,0,0,0,0,4.676792929661059,0
546,0,64.0,0,0,26.0,U,Mr,1,1,0,0,0,0,0,0,0,1,0,0,0,0,0,1,1,0,0,0,0,0,0,0,0,3.295836866004329,0
547,1,19.0,1,0,26.0,U,Mrs,0,0,1,0,0,0,0,0,0,0,0,0,1,0,0,1,0,1,0,0,0,0,0,0,0,3.295836866004329,1
548,0,30.0,0,0,13.8625,U,Mr,1,0,1,0,0,0,0,0,0,0,0,0,1,1,0,0,1,0,0,0,0,0,0,0,0,2.6988412620169004,1
549,0,33.0,1,1,20.525,U,Mr,0,0,0,1,0,0,0,0,0,0,0,0,1,0,0,1,0,0,1,0,0,0,0,0,0,3.0692150503137943,0
550,0,8.0,1,1,36.75,U,Master,0,0,1,0,0,1,0,0,0,0,0,0,0,0,0,1,0,0,1,0,0,0,0,0,0,3.6309854756950335,1
551,0,17.0,0,2,110.8833,C,Mr,0,1,0,0,0,0,0,0,0,0,1,0,0,1,0,0,0,0,1,0,0,0,0,0,0,4.717456363787216,1
552,0,27.0,0,0,26.0,U,Mr,1,0,1,0,0,0,0,0,0,0,0,0,1,0,0,1,1,0,0,0,0,0,0,0,0,3.295836866004329,0
553,0,26.0,0,0,7.8292,U,Mr,1,0,0,1,0,0,0,0,0,0,0,0,1,0,1,0,1,0,0,0,0,0,0,0,0,2.17806441028492,0
554,0,22.0,0,0,7.225,U,Mr,1,0,0,1,0,0,0,0,0,0,0,0,1,1,0,0,1,0,0,0,0,0,0,0,0,2.1071782966514356,1
555,1,22.0,0,0,7.775,U,Miss,1,0,0,1,0,0,0,0,0,0,0,0,1,0,0,1,1,0,0,0,0,0,0,0,0,2.1719067693519296,1
556,0,62.0,0,0,26.55,U,Mr,1,1,0,0,0,0,0,0,0,1,0,0,0,0,0,1,1,0,0,0,0,0,0,0,0,3.3160025355989236,0
557,1,48.0,1,0,39.6,A,Nobility,0,1,0,0,0,0,0,0,1,0,0,0,0,1,0,0,0,1,0,0,0,0,0,0,0,3.703768066607687,1
558,0,41.5,0,0,227.525,U,Mr,1,1,0,0,1,0,0,0,0,0,0,0,0,1,0,0,1,0,0,0,0,0,0,0,0,5.4316456135398825,0
559,1,39.0,1,1,79.65,E,Mrs,0,1,0,0,1,0,0,0,0,0,0,0,0,0,0,1,0,0,1,0,0,0,0,0,0,4.390118804571218,1
560,1,36.0,1,0,17.4,U,Mrs,0,0,0,1,1,0,0,0,0,0,0,0,0,0,0,1,0,1,0,0,0,0,0,0,0,2.91235066461494,1
561,0,26.0,0,0,7.75,U,Mr,1,0,0,1,0,0,0,0,0,0,0,0,1,0,1,0,1,0,0,0,0,0,0,0,0,2.169053700369523,0
562,0,40.0,0,0,7.8958,U,Mr,1,0,0,1,1,0,0,0,0,0,0,0,0,0,0,1,1,0,0,0,0,0,0,0,0,2.1855792552411137,0
563,0,28.0,0,0,13.5,U,Mr,1,0,1,0,0,0,0,0,0,0,0,0,1,0,0,1,1,0,0,0,0,0,0,0,0,2.6741486494265287,0
564,0,26.0,0,0,8.05,U,Mr,1,0,0,1,0,0,0,0,0,0,0,0,1,0,0,1,1,0,0,0,0,0,0,0,0,2.2027647577118348,0
565,1,18.0,0,0,8.05,U,Miss,1,0,0,1,0,0,0,0,0,0,1,0,0,0,0,1,1,0,0,0,0,0,0,0,0,2.2027647577118348,0
566,0,24.0,2,0,24.15,U,Mr,0,0,0,1,0,0,0,0,0,0,0,0,1,0,0,1,0,0,1,0,0,0,0,0,0,3.224857896545748,0
567,0,19.0,0,0,7.8958,U,Mr,1,0,0,1,0,0,0,0,0,0,0,0,1,0,0,1,1,0,0,0,0,0,0,0,0,2.1855792552411137,0
568,1,29.0,0,4,21.075,U,Mrs,0,0,0,1,0,0,0,0,0,0,0,0,1,0,0,1,0,0,0,0,1,0,0,0,0,3.0944457464900235,0
569,0,26.0,0,0,7.2292,U,Mr,1,0,0,1,0,0,0,0,0,0,0,0,1,1,0,0,1,0,0,0,0,0,0,0,0,2.1076888046179385,0
570,0,32.0,0,0,7.8542,U,Mr,1,0,0,1,0,0,0,0,0,0,0,0,1,0,0,1,1,0,0,0,0,0,0,0,0,2.180891922715322,1
571,0,62.0,0,0,10.5,U,Mr,1,0,1,0,0,0,0,0,0,1,0,0,0,0,0,1,1,0,0,0,0,0,0,0,0,2.4423470353692043,1
572,1,53.0,2,0,51.4792,C,Mrs,0,1,0,0,0,0,0,0,1,0,0,0,0,0,0,1,0,0,1,0,0,0,0,0,0,3.960416900617205,1
573,0,36.0,0,0,26.3875,E,Mr,1,1,0,0,1,0,0,0,0,0,0,0,0,0,0,1,1,0,0,0,0,0,0,0,0,3.3100867049215847,1
574,1,18.0,0,0,7.75,U,Miss,1,0,0,1,0,0,0,0,0,0,1,0,0,0,1,0,1,0,0,0,0,0,0,0,0,2.169053700369523,1
575,0,16.0,0,0,8.05,U,Mr,1,0,0,1,0,0,0,0,0,0,1,0,0,0,0,1,1,0,0,0,0,0,0,0,0,2.2027647577118348,0
576,0,19.0,0,0,14.5,U,Mr,1,0,0,1,0,0,0,0,0,0,0,0,1,0,0,1,1,0,0,0,0,0,0,0,0,2.740840023925201,0
577,1,34.0,0,0,13.0,U,Miss,1,0,1,0,0,0,0,0,0,0,0,0,1,0,0,1,1,0,0,0,0,0,0,0,0,2.6390573296152584,1
578,1,39.0,1,0,55.9,E,Mrs,0,1,0,0,1,0,0,0,0,0,0,0,0,0,0,1,0,1,0,0,0,0,0,0,0,4.041295341132285,1
579,1,31.0,1,0,14.4583,U,Mrs,0,0,0,1,0,0,0,0,0,0,0,0,1,1,0,0,0,1,0,0,0,0,0,0,0,2.738146075922933,0
580,0,32.0,0,0,7.925,U,Mr,1,0,0,1,0,0,0,0,0,0,0,0,1,0,0,1,1,0,0,0,0,0,0,0,0,2.188856327665703,1
581,1,25.0,1,1,30.0,U,Miss,0,0,1,0,0,0,0,0,0,0,0,0,1,0,0,1,0,0,1,0,0,0,0,0,0,3.4339872044851463,1
582,1,39.0,1,1,110.8833,C,Mrs,0,1,0,0,1,0,0,0,0,0,0,0,0,1,0,0,0,0,1,0,0,0,0,0,0,4.717456363787216,1
583,0,54.0,0,0,26.0,U,Mr,1,0,1,0,0,0,0,0,1,0,0,0,0,0,0,1,1,0,0,0,0,0,0,0,0,3.295836866004329,0
584,0,36.0,0,0,40.125,A,Mr,1,1,0,0,1,0,0,0,0,0,0,0,0,1,0,0,1,0,0,0,0,0,0,0,0,3.716616209085536,0
585,0,26.0,0,0,8.7125,U,Mr,1,0,0,1,0,0,0,0,0,0,0,0,1,1,0,0,1,0,0,0,0,0,0,0,0,2.2734137156937657,0
586,1,18.0,0,2,79.65,E,Miss,0,1,0,0,0,0,0,0,0,0,1,0,0,0,0,1,0,0,1,0,0,0,0,0,0,4.390118804571218,1
587,0,47.0,0,0,15.0,U,Mr,1,0,1,0,0,0,0,0,1,0,0,0,0,0,0,1,1,0,0,0,0,0,0,0,0,2.772588722239781,0
588,0,60.0,1,1,79.2,B,Mr,0,1,0,0,0,0,0,0,0,1,0,0,0,1,0,0,0,0,1,0,0,0,0,0,0,4.384523514872469,1
589,0,22.0,0,0,8.05,U,Mr,1,0,0,1,0,0,0,0,0,0,0,0,1,0,0,1,1,0,0,0,0,0,0,0,0,2.2027647577118348,0
590,0,26.0,0,0,8.05,U,Mr,1,0,0,1,0,0,0,0,0,0,0,0,1,0,0,1,1,0,0,0,0,0,0,0,0,2.2027647577118348,0
591,0,35.0,0,0,7.125,U,Mr,1,0,0,1,0,0,0,0,0,0,0,0,1,0,0,1,1,0,0,0,0,0,0,0,0,2.094945728215801,0
592,1,52.0,1,0,78.2667,D,Mrs,0,1,0,0,0,0,0,0,1,0,0,0,0,1,0,0,0,1,0,0,0,0,0,0,0,4.37281811610993,1
593,0,47.0,0,0,7.25,U,Mr,1,0,0,1,0,0,0,0,1,0,0,0,0,0,0,1,1,0,0,0,0,0,0,0,0,2.1102132003465894,0
594,1,18.0,0,2,7.75,U,Miss,0,0,0,1,0,0,0,0,0,0,1,0,0,0,1,0,0,0,1,0,0,0,0,0,0,2.169053700369523,0
595,0,37.0,1,0,26.0,U,Mr,0,0,1,0,1,0,0,0,0,0,0,0,0,0,0,1,0,1,0,0,0,0,0,0,0,3.295836866004329,0
596,0,36.0,1,1,24.15,U,Mr,0,0,0,1,1,0,0,0,0,0,0,0,0,0,0,1,0,0,1,0,0,0,0,0,0,3.224857896545748,0
597,1,20.0,0,0,33.0,U,Miss,1,0,1,0,0,0,0,0,0,0,0,0,1,0,0,1,1,0,0,0,0,0,0,0,0,3.5263605246161616,1
598,0,49.0,0,0,0.0,U,Mr,1,0,0,1,0,0,0,0,1,0,0,0,0,0,0,1,1,0,0,0,0,0,0,0,0,0.0,0
599,0,26.0,0,0,7.225,U,Mr,1,0,0,1,0,0,0,0,0,0,0,0,1,1,0,0,1,0,0,0,0,0,0,0,0,2.1071782966514356,0
600,0,49.0,1,0,56.9292,A,Nobility,0,1,0,0,0,0,0,0,1,0,0,0,0,1,0,0,0,1,0,0,0,0,0,0,0,4.0592215752427645,1
601,1,24.0,2,1,27.0,U,Mrs,0,0,1,0,0,0,0,0,0,0,0,0,1,0,0,1,0,0,0,1,0,0,0,0,0,3.332204510175204,1
602,0,26.0,0,0,7.8958,U,Mr,1,0,0,1,0,0,0,0,0,0,0,0,1,0,0,1,1,0,0,0,0,0,0,0,0,2.1855792552411137,0
603,0,41.5,0,0,42.4,U,Mr,1,1,0,0,1,0,0,0,0,0,0,0,0,0,0,1,1,0,0,0,0,0,0,0,0,3.770459441106359,0
604,0,44.0,0,0,8.05,U,Mr,1,0,0,1,1,0,0,0,0,0,0,0,0,0,0,1,1,0,0,0,0,0,0,0,0,2.2027647577118348,0
605,0,35.0,0,0,26.55,U,Mr,1,1,0,0,0,0,0,0,0,0,0,0,1,1,0,0,1,0,0,0,0,0,0,0,0,3.3160025355989236,1
606,0,36.0,1,0,15.55,U,Mr,0,0,0,1,1,0,0,0,0,0,0,0,0,0,0,1,0,1,0,0,0,0,0,0,0,2.806386101823072,0
607,0,30.0,0,0,7.8958,U,Mr,1,0,0,1,0,0,0,0,0,0,0,0,1,0,0,1,1,0,0,0,0,0,0,0,0,2.1855792552411137,0
608,0,27.0,0,0,30.5,U,Mr,1,1,0,0,0,0,0,0,0,0,0,0,1,0,0,1,1,0,0,0,0,0,0,0,0,3.449987545831587,1
609,1,22.0,1,2,41.5792,U,Mrs,0,0,1,0,0,0,0,0,0,0,0,0,1,1,0,0,0,0,0,1,0,0,0,0,0,3.7513658711253766,1
610,1,40.0,0,0,153.4625,C,Miss,1,1,0,0,1,0,0,0,0,0,0,0,0,0,0,1,1,0,0,0,0,0,0,0,0,5.039951348430309,1
611,1,39.0,1,5,31.275,U,Mrs,0,0,0,1,1,0,0,0,0,0,0,0,0,0,0,1,0,0,0,0,0,0,1,0,0,3.4742929367327062,0
612,0,26.0,0,0,7.05,U,Mr,1,0,0,1,0,0,0,0,0,0,0,0,1,0,0,1,1,0,0,0,0,0,0,0,0,2.0856720914304723,0
613,1,18.0,1,0,15.5,U,Miss,0,0,0,1,0,0,0,0,0,0,1,0,0,0,1,0,0,1,0,0,0,0,0,0,0,2.803360380906535,1
614,0,26.0,0,0,7.75,U,Mr,1,0,0,1,0,0,0,0,0,0,0,0,1,0,1,0,1,0,0,0,0,0,0,0,0,2.169053700369523,0
615,0,35.0,0,0,8.05,U,Mr,1,0,0,1,0,0,0,0,0,0,0,0,1,0,0,1,1,0,0,0,0,0,0,0,0,2.2027647577118348,0
616,1,24.0,1,2,65.0,U,Miss,0,0,1,0,0,0,0,0,0,0,0,0,1,0,0,1,0,0,0,1,0,0,0,0,0,4.189654742026425,1
617,0,34.0,1,1,14.4,U,Mr,0,0,0,1,0,0,0,0,0,0,0,0,1,0,0,1,0,0,1,0,0,0,0,0,0,2.7343675094195836,0
618,1,26.0,1,0,16.1,U,Mrs,0,0,0,1,0,0,0,0,0,0,0,0,1,0,0,1,0,1,0,0,0,0,0,0,0,2.8390784635086144,0
619,1,4.0,2,1,39.0,F,Miss,0,0,1,0,0,0,0,0,0,0,0,1,0,0,0,1,0,0,0,1,0,0,0,0,0,3.6888794541139363,1
620,0,26.0,0,0,10.5,U,Mr,1,0,1,0,0,0,0,0,0,0,0,0,1,0,0,1,1,0,0,0,0,0,0,0,0,2.4423470353692043,0
621,0,27.0,1,0,14.4542,U,Mr,0,0,0,1,0,0,0,0,0,0,0,0,1,1,0,0,0,1,0,0,0,0,0,0,0,2.737880811060884,0
622,0,42.0,1,0,52.5542,D,Mr,0,1,0,0,1,0,0,0,0,0,0,0,0,0,0,1,0,1,0,0,0,0,0,0,0,3.9806942251907276,1
623,0,20.0,1,1,15.7417,U,Mr,0,0,0,1,0,0,0,0,0,0,0,0,1,1,0,0,0,0,1,0,0,0,0,0,0,2.817902613071225,1
624,0,21.0,0,0,7.8542,U,Mr,1,0,0,1,0,0,0,0,0,0,0,0,1,0,0,1,1,0,0,0,0,0,0,0,0,2.180891922715322,0
625,0,21.0,0,0,16.1,U,Mr,1,0,0,1,0,0,0,0,0,0,0,0,1,0,0,1,1,0,0,0,0,0,0,0,0,2.8390784635086144,0
626,0,61.0,0,0,32.3208,D,Mr,1,1,0,0,0,0,0,0,0,1,0,0,0,0,0,1,1,0,0,0,0,0,0,0,0,3.5061818266142577,0
627,0,57.0,0,0,12.35,U,Officer,1,0,1,0,0,0,0,0,0,1,0,0,0,0,1,0,1,0,0,0,0,0,0,0,0,2.5915163848462583,0
628,1,21.0,0,0,77.9583,D,Miss,1,1,0,0,0,0,0,0,0,0,0,0,1,0,0,1,1,0,0,0,0,0,0,0,0,4.368919865004903,1
629,0,26.0,0,0,7.8958,U,Mr,1,0,0,1,0,0,0,0,0,0,0,0,1,0,0,1,1,0,0,0,0,0,0,0,0,2.1855792552411137,0
630,0,26.0,0,0,7.7333,U,Mr,1,0,0,1,0,0,0,0,0,0,0,0,1,0,1,0,1,0,0,0,0,0,0,0,0,2.167143305297764,0
631,0,80.0,0,0,30.0,A,Mr,1,1,0,0,0,0,1,0,0,0,0,0,0,0,0,1,1,0,0,0,0,0,0,0,0,3.4339872044851463,1
632,0,51.0,0,0,7.0542,U,Mr,1,0,0,1,0,0,0,0,1,0,0,0,0,0,0,1,1,0,0,0,0,0,0,0,0,2.086193694502369,0
633,0,32.0,0,0,30.5,B,Officer,1,1,0,0,0,0,0,0,0,0,0,0,1,1,0,0,1,0,0,0,0,0,0,0,0,3.449987545831587,1
634,0,41.5,0,0,0.0,U,Mr,1,1,0,0,1,0,0,0,0,0,0,0,0,0,0,1,1,0,0,0,0,0,0,0,0,0.0,0
635,1,9.0,3,2,27.9,U,Miss,0,0,0,1,0,1,0,0,0,0,0,0,0,0,0,1,0,0,0,0,0,1,0,0,0,3.3638415951183864,0
636,1,28.0,0,0,13.0,U,Miss,1,0,1,0,0,0,0,0,0,0,0,0,1,0,0,1,1,0,0,0,0,0,0,0,0,2.6390573296152584,1
637,0,32.0,0,0,7.925,U,Mr,1,0,0,1,0,0,0,0,0,0,0,0,1,0,0,1,1,0,0,0,0,0,0,0,0,2.188856327665703,0
638,0,31.0,1,1,26.25,U,Mr,0,0,1,0,0,0,0,0,0,0,0,0,1,0,0,1,0,0,1,0,0,0,0,0,0,3.305053521109253,0
639,1,41.0,0,5,39.6875,U,Mrs,0,0,0,1,1,0,0,0,0,0,0,0,0,0,0,1,0,0,0,0,0,1,0,0,0,3.705920919968788,0
640,0,26.0,1,0,16.1,U,Mr,0,0,0,1,0,0,0,0,0,0,0,0,1,0,0,1,0,1,0,0,0,0,0,0,0,2.8390784635086144,0
641,0,20.0,0,0,7.8542,U,Mr,1,0,0,1,0,0,0,0,0,0,0,0,1,0,0,1,1,0,0,0,0,0,0,0,0,2.180891922715322,0
642,1,24.0,0,0,69.3,B,Miss,1,1,0,0,0,0,0,0,0,0,0,0,1,1,0,0,1,0,0,0,0,0,0,0,0,4.252771798816619,1
643,1,2.0,3,2,27.9,U,Miss,0,0,0,1,0,0,0,0,0,0,0,1,0,0,0,1,0,0,0,0,0,1,0,0,0,3.3638415951183864,0
644,0,26.0,0,0,56.4958,U,Mr,1,0,0,1,0,0,0,0,0,0,0,0,1,0,0,1,1,0,0,0,0,0,0,0,0,4.05171190165724,1
645,1,0.75,2,1,19.2583,U,Miss,0,0,0,1,0,0,0,1,0,0,0,0,0,1,0,0,0,0,0,1,0,0,0,0,0,3.0085645861193133,1
646,0,48.0,1,0,76.7292,D,Mr,0,1,0,0,0,0,0,0,1,0,0,0,0,1,0,0,0,1,0,0,0,0,0,0,0,4.353230991152628,1
647,0,19.0,0,0,7.8958,U,Mr,1,0,0,1,0,0,0,0,0,0,0,0,1,0,0,1,1,0,0,0,0,0,0,0,0,2.1855792552411137,0
648,0,56.0,0,0,35.5,A,Officer,1,1,0,0,0,0,0,0,0,1,0,0,0,1,0,0,1,0,0,0,0,0,0,0,0,3.597312260588446,1
649,0,26.0,0,0,7.55,U,Mr,1,0,0,1,0,0,0,0,0,0,0,0,1,0,0,1,1,0,0,0,0,0,0,0,0,2.145931282948669,0
650,1,23.0,0,0,7.55,U,Miss,1,0,0,1,0,0,0,0,0,0,0,0,1,0,0,1,1,0,0,0,0,0,0,0,0,2.145931282948669,1
651,0,26.0,0,0,7.8958,U,Mr,1,0,0,1,0,0,0,0,0,0,0,0,1,0,0,1,1,0,0,0,0,0,0,0,0,2.1855792552411137,0
652,1,18.0,0,1,23.0,U,Miss,0,0,1,0,0,0,0,0,0,0,1,0,0,0,0,1,0,1,0,0,0,0,0,0,0,3.1780538303479458,1
653,0,21.0,0,0,8.4333,U,Mr,1,0,0,1,0,0,0,0,0,0,0,0,1,0,0,1,1,0,0,0,0,0,0,0,0,2.2442459824059346,0
654,1,18.0,0,0,7.8292,U,Miss,1,0,0,1,0,0,0,0,0,0,1,0,0,0,1,0,1,0,0,0,0,0,0,0,0,2.17806441028492,1
655,1,18.0,0,0,6.75,U,Miss,1,0,0,1,0,0,0,0,0,0,1,0,0,0,1,0,1,0,0,0,0,0,0,0,0,2.0476928433652555,0
656,0,24.0,2,0,73.5,U,Mr,0,0,1,0,0,0,0,0,0,0,0,0,1,0,0,1,0,0,1,0,0,0,0,0,0,4.310799125385514,0
657,0,26.0,0,0,7.8958,U,Mr,1,0,0,1,0,0,0,0,0,0,0,0,1,0,0,1,1,0,0,0,0,0,0,0,0,2.1855792552411137,0
658,1,32.0,1,1,15.5,U,Mrs,0,0,0,1,0,0,0,0,0,0,0,0,1,0,1,0,0,0,1,0,0,0,0,0,0,2.803360380906535,0
659,0,23.0,0,0,13.0,U,Mr,1,0,1,0,0,0,0,0,0,0,0,0,1,0,0,1,1,0,0,0,0,0,0,0,0,2.6390573296152584,0
660,0,58.0,0,2,113.275,D,Mr,0,1,0,0,0,0,0,0,0,1,0,0,0,1,0,0,0,0,1,0,0,0,0,0,0,4.738607824217808,0
661,0,50.0,2,0,133.65,U,Officer,0,1,0,0,0,0,0,0,1,0,0,0,0,0,0,1,0,0,1,0,0,0,0,0,0,4.902678819257608,1
662,0,40.0,0,0,7.225,U,Mr,1,0,0,1,1,0,0,0,0,0,0,0,0,1,0,0,1,0,0,0,0,0,0,0,0,2.1071782966514356,0
663,0,47.0,0,0,25.5875,E,Mr,1,1,0,0,0,0,0,0,1,0,0,0,0,0,0,1,1,0,0,0,0,0,0,0,0,3.2804411805263554,0
664,0,36.0,0,0,7.4958,U,Mr,1,0,0,1,1,0,0,0,0,0,0,0,0,0,0,1,1,0,0,0,0,0,0,0,0,2.139571923732859,0
665,0,20.0,1,0,7.925,U,Mr,0,0,0,1,0,0,0,0,0,0,0,0,1,0,0,1,0,1,0,0,0,0,0,0,0,2.188856327665703,1
666,0,32.0,2,0,73.5,U,Mr,0,0,1,0,0,0,0,0,0,0,0,0,1,0,0,1,0,0,1,0,0,0,0,0,0,4.310799125385514,0
667,0,25.0,0,0,13.0,U,Mr,1,0,1,0,0,0,0,0,0,0,0,0,1,0,0,1,1,0,0,0,0,0,0,0,0,2.6390573296152584,0
668,0,26.0,0,0,7.775,U,Mr,1,0,0,1,0,0,0,0,0,0,0,0,1,0,0,1,1,0,0,0,0,0,0,0,0,2.1719067693519296,0
669,0,43.0,0,0,8.05,U,Mr,1,0,0,1,1,0,0,0,0,0,0,0,0,0,0,1,1,0,0,0,0,0,0,0,0,2.2027647577118348,0
670,1,45.0,1,0,52.0,C,Mrs,0,1,0,0,1,0,0,0,0,0,0,0,0,0,0,1,0,1,0,0,0,0,0,0,0,3.970291913552122,1
671,1,40.0,1,1,39.0,U,Mrs,0,0,1,0,1,0,0,0,0,0,0,0,0,0,0,1,0,0,1,0,0,0,0,0,0,3.6888794541139363,1
672,0,31.0,1,0,52.0,B,Mr,0,1,0,0,0,0,0,0,0,0,0,0,1,0,0,1,0,1,0,0,0,0,0,0,0,3.970291913552122,0
673,0,70.0,0,0,10.5,U,Mr,1,0,1,0,0,0,1,0,0,0,0,0,0,0,0,1,1,0,0,0,0,0,0,0,0,2.4423470353692043,0
674,0,31.0,0,0,13.0,U,Mr,1,0,1,0,0,0,0,0,0,0,0,0,1,0,0,1,1,0,0,0,0,0,0,0,0,2.6390573296152584,1
675,0,30.0,0,0,0.0,U,Mr,1,0,1,0,0,0,0,0,0,0,0,0,1,0,0,1,1,0,0,0,0,0,0,0,0,0.0,0
676,0,18.0,0,0,7.775,U,Mr,1,0,0,1,0,0,0,0,0,0,1,0,0,0,0,1,1,0,0,0,0,0,0,0,0,2.1719067693519296,0
677,0,24.5,0,0,8.05,U,Mr,1,0,0,1,0,0,0,0,0,0,0,0,1,0,0,1,1,0,0,0,0,0,0,0,0,2.2027647577118348,0
678,1,18.0,0,0,9.8417,U,Miss,1,0,0,1,0,0,0,0,0,0,1,0,0,0,0,1,1,0,0,0,0,0,0,0,0,2.3833998102837652,1
679,1,43.0,1,6,46.9,U,Mrs,0,0,0,1,1,0,0,0,0,0,0,0,0,0,0,1,0,0,0,0,0,0,0,1,0,3.8691155044168695,0
680,0,36.0,0,1,47.1,B,Mr,0,1,0,0,1,0,0,0,0,0,0,0,0,1,0,0,0,1,0,0,0,0,0,0,0,3.8732821771117156,1
681,1,18.0,0,0,8.1375,U,Miss,1,0,0,1,0,0,0,0,0,0,1,0,0,0,1,0,1,0,0,0,0,0,0,0,0,2.212386825075897,0
682,0,27.0,0,0,76.7292,D,Mr,1,1,0,0,0,0,0,0,0,0,0,0,1,1,0,0,1,0,0,0,0,0,0,0,0,4.353230991152628,1
683,0,20.0,0,0,9.225,U,Mr,1,0,0,1,0,0,0,0,0,0,0,0,1,0,0,1,1,0,0,0,0,0,0,0,0,2.3248357019288655,0
684,0,14.0,5,2,46.9,U,Mr,0,0,0,1,0,0,0,0,0,0,1,0,0,0,0,1,0,0,0,0,0,0,0,1,0,3.8691155044168695,0
685,0,60.0,1,1,39.0,U,Mr,0,0,1,0,0,0,0,0,0,1,0,0,0,0,0,1,0,0,1,0,0,0,0,0,0,3.6888794541139363,0
686,0,25.0,1,2,41.5792,U,Mr,0,0,1,0,0,0,0,0,0,0,0,0,1,1,0,0,0,0,0,1,0,0,0,0,0,3.7513658711253766,0
687,0,14.0,4,1,39.6875,U,Mr,0,0,0,1,0,0,0,0,0,0,1,0,0,0,0,1,0,0,0,0,0,1,0,0,0,3.705920919968788,0
688,0,19.0,0,0,10.1708,U,Mr,1,0,0,1,0,0,0,0,0,0,0,0,1,0,0,1,1,0,0,0,0,0,0,0,0,2.4133032309283076,0
689,0,18.0,0,0,7.7958,U,Mr,1,0,0,1,0,0,0,0,0,0,1,0,0,0,0,1,1,0,0,0,0,0,0,0,0,2.174274334826008,0
690,1,15.0,0,1,211.3375,B,Miss,0,1,0,0,0,0,0,0,0,0,1,0,0,0,0,1,0,1,0,0,0,0,0,0,0,5.35817698994543,1
691,0,31.0,1,0,57.0,B,Mr,0,1,0,0,0,0,0,0,0,0,0,0,1,0,0,1,0,1,0,0,0,0,0,0,0,4.060443010546419,1
692,1,4.0,0,1,13.4167,U,Miss,0,0,0,1,0,0,0,0,0,0,0,1,0,1,0,0,0,1,0,0,0,0,0,0,0,2.668387256845834,1
693,0,26.0,0,0,56.4958,U,Mr,1,0,0,1,0,0,0,0,0,0,0,0,1,0,0,1,1,0,0,0,0,0,0,0,0,4.05171190165724,1
694,0,25.0,0,0,7.225,U,Mr,1,0,0,1,0,0,0,0,0,0,0,0,1,1,0,0,1,0,0,0,0,0,0,0,0,2.1071782966514356,0
695,0,60.0,0,0,26.55,U,Officer,1,1,0,0,0,0,0,0,0,1,0,0,0,0,0,1,1,0,0,0,0,0,0,0,0,3.3160025355989236,0
696,0,52.0,0,0,13.5,U,Mr,1,0,1,0,0,0,0,0,1,0,0,0,0,0,0,1,1,0,0,0,0,0,0,0,0,2.6741486494265287,0
697,0,44.0,0,0,8.05,U,Mr,1,0,0,1,1,0,0,0,0,0,0,0,0,0,0,1,1,0,0,0,0,0,0,0,0,2.2027647577118348,0
698,1,18.0,0,0,7.7333,U,Miss,1,0,0,1,0,0,0,0,0,0,1,0,0,0,1,0,1,0,0,0,0,0,0,0,0,2.167143305297764,1
699,0,49.0,1,1,110.8833,C,Mr,0,1,0,0,0,0,0,0,1,0,0,0,0,1,0,0,0,0,1,0,0,0,0,0,0,4.717456363787216,0
700,0,42.0,0,0,7.65,F,Mr,1,0,0,1,1,0,0,0,0,0,0,0,0,0,0,1,1,0,0,0,0,0,0,0,0,2.157559320943788,0
701,1,18.0,1,0,227.525,C,Mrs,0,1,0,0,0,0,0,0,0,0,1,0,0,1,0,0,0,1,0,0,0,0,0,0,0,5.4316456135398825,1
702,0,35.0,0,0,26.2875,E,Mr,1,1,0,0,0,0,0,0,0,0,0,0,1,0,0,1,1,0,0,0,0,0,0,0,0,3.3064287218760624,1
703,1,18.0,0,1,14.4542,U,Miss,0,0,0,1,0,0,0,0,0,0,1,0,0,1,0,0,0,1,0,0,0,0,0,0,0,2.737880811060884,0
704,0,25.0,0,0,7.7417,U,Mr,1,0,0,1,0,0,0,0,0,0,0,0,1,0,1,0,1,0,0,0,0,0,0,0,0,2.1681046787623672,0
705,0,26.0,1,0,7.8542,U,Mr,0,0,0,1,0,0,0,0,0,0,0,0,1,0,0,1,0,1,0,0,0,0,0,0,0,2.180891922715322,0
706,0,39.0,0,0,26.0,U,Mr,1,0,1,0,1,0,0,0,0,0,0,0,0,0,0,1,1,0,0,0,0,0,0,0,0,3.295836866004329,0
707,1,45.0,0,0,13.5,U,Mrs,1,0,1,0,1,0,0,0,0,0,0,0,0,0,0,1,1,0,0,0,0,0,0,0,0,2.6741486494265287,1
708,0,42.0,0,0,26.2875,E,Mr,1,1,0,0,1,0,0,0,0,0,0,0,0,0,0,1,1,0,0,0,0,0,0,0,0,3.3064287218760624,1
709,1,22.0,0,0,151.55,U,Miss,1,1,0,0,0,0,0,0,0,0,0,0,1,0,0,1,1,0,0,0,0,0,0,0,0,5.027492411162679,1
710,0,6.0,1,1,15.2458,U,Master,0,0,0,1,0,1,0,0,0,0,0,0,0,1,0,0,0,0,1,0,0,0,0,0,0,2.7878344138303452,1
711,1,24.0,0,0,49.5042,C,Miss,1,1,0,0,0,0,0,0,0,0,0,0,1,1,0,0,1,0,0,0,0,0,0,0,0,3.922056501139853,1
712,0,41.5,0,0,26.55,C,Mr,1,1,0,0,1,0,0,0,0,0,0,0,0,0,0,1,1,0,0,0,0,0,0,0,0,3.3160025355989236,0
713,0,48.0,1,0,52.0,C,Mr,0,1,0,0,0,0,0,0,1,0,0,0,0,0,0,1,0,1,0,0,0,0,0,0,0,3.970291913552122,1
714,0,29.0,0,0,9.4833,U,Mr,1,0,0,1,0,0,0,0,0,0,0,0,1,0,0,1,1,0,0,0,0,0,0,0,0,2.3497835148230464,0
715,0,52.0,0,0,13.0,U,Mr,1,0,1,0,0,0,0,0,1,0,0,0,0,0,0,1,1,0,0,0,0,0,0,0,0,2.6390573296152584,0
716,0,19.0,0,0,7.65,F,Mr,1,0,0,1,0,0,0,0,0,0,0,0,1,0,0,1,1,0,0,0,0,0,0,0,0,2.157559320943788,0
717,1,38.0,0,0,227.525,C,Miss,1,1,0,0,1,0,0,0,0,0,0,0,0,1,0,0,1,0,0,0,0,0,0,0,0,5.4316456135398825,1
718,1,27.0,0,0,10.5,E,Miss,1,0,1,0,0,0,0,0,0,0,0,0,1,0,0,1,1,0,0,0,0,0,0,0,0,2.4423470353692043,1
719,0,26.0,0,0,15.5,U,Mr,1,0,0,1,0,0,0,0,0,0,0,0,1,0,1,0,1,0,0,0,0,0,0,0,0,2.803360380906535,0
720,0,33.0,0,0,7.775,U,Mr,1,0,0,1,0,0,0,0,0,0,0,0,1,0,0,1,1,0,0,0,0,0,0,0,0,2.1719067693519296,0
721,1,6.0,0,1,33.0,U,Miss,0,0,1,0,0,1,0,0,0,0,0,0,0,0,0,1,0,1,0,0,0,0,0,0,0,3.5263605246161616,1
722,0,17.0,1,0,7.0542,U,Mr,0,0,0,1,0,0,0,0,0,0,1,0,0,0,0,1,0,1,0,0,0,0,0,0,0,2.086193694502369,0
723,0,34.0,0,0,13.0,U,Mr,1,0,1,0,0,0,0,0,0,0,0,0,1,0,0,1,1,0,0,0,0,0,0,0,0,2.6390573296152584,0
724,0,50.0,0,0,13.0,U,Mr,1,0,1,0,0,0,0,0,1,0,0,0,0,0,0,1,1,0,0,0,0,0,0,0,0,2.6390573296152584,0
725,0,27.0,1,0,53.1,E,Mr,0,1,0,0,0,0,0,0,0,0,0,0,1,0,0,1,0,1,0,0,0,0,0,0,0,3.9908341858524357,1
726,0,20.0,0,0,8.6625,U,Mr,1,0,0,1,0,0,0,0,0,0,0,0,1,0,0,1,1,0,0,0,0,0,0,0,0,2.2682524139135403,0
727,1,30.0,3,0,21.0,U,Mrs,0,0,1,0,0,0,0,0,0,0,0,0,1,0,0,1,0,0,0,1,0,0,0,0,0,3.091042453358316,1
728,1,18.0,0,0,7.7375,U,Miss,1,0,0,1,0,0,0,0,0,0,1,0,0,0,1,0,1,0,0,0,0,0,0,0,0,2.1676241075599285,1
729,0,25.0,1,0,26.0,U,Mr,0,0,1,0,0,0,0,0,0,0,0,0,1,0,0,1,0,1,0,0,0,0,0,0,0,3.295836866004329,0
730,1,25.0,1,0,7.925,U,Miss,0,0,0,1,0,0,0,0,0,0,0,0,1,0,0,1,0,1,0,0,0,0,0,0,0,2.188856327665703,0
731,1,29.0,0,0,211.3375,B,Miss,1,1,0,0,0,0,0,0,0,0,0,0,1,0,0,1,1,0,0,0,0,0,0,0,0,5.35817698994543,1
732,0,11.0,0,0,18.7875,U,Mr,1,0,0,1,0,1,0,0,0,0,0,0,0,1,0,0,1,0,0,0,0,0,0,0,0,2.9850504252071306,0
733,0,30.0,0,0,0.0,U,Mr,1,0,1,0,0,0,0,0,0,0,0,0,1,0,0,1,1,0,0,0,0,0,0,0,0,0.0,0
734,0,23.0,0,0,13.0,U,Mr,1,0,1,0,0,0,0,0,0,0,0,0,1,0,0,1,1,0,0,0,0,0,0,0,0,2.6390573296152584,0
735,0,23.0,0,0,13.0,U,Mr,1,0,1,0,0,0,0,0,0,0,0,0,1,0,0,1,1,0,0,0,0,0,0,0,0,2.6390573296152584,0
736,0,28.5,0,0,16.1,U,Mr,1,0,0,1,0,0,0,0,0,0,0,0,1,0,0,1,1,0,0,0,0,0,0,0,0,2.8390784635086144,0
737,1,48.0,1,3,34.375,U,Mrs,0,0,0,1,0,0,0,0,1,0,0,0,0,0,0,1,0,0,0,0,1,0,0,0,0,3.5660053559634015,0
738,0,35.0,0,0,47.1,B,Mr,1,1,0,0,0,0,0,0,0,0,0,0,1,1,0,0,1,0,0,0,0,0,0,0,0,3.8732821771117156,1
739,0,26.0,0,0,7.8958,U,Mr,1,0,0,1,0,0,0,0,0,0,0,0,1,0,0,1,1,0,0,0,0,0,0,0,0,2.1855792552411137,0
740,0,26.0,0,0,7.8958,U,Mr,1,0,0,1,0,0,0,0,0,0,0,0,1,0,0,1,1,0,0,0,0,0,0,0,0,2.1855792552411137,0
741,0,41.5,0,0,30.0,D,Mr,1,1,0,0,1,0,0,0,0,0,0,0,0,0,0,1,1,0,0,0,0,0,0,0,0,3.4339872044851463,1
742,0,36.0,1,0,78.85,C,Mr,0,1,0,0,1,0,0,0,0,0,0,0,0,0,0,1,0,1,0,0,0,0,0,0,0,4.380149874661021,0
743,1,21.0,2,2,262.375,B,Miss,0,1,0,0,0,0,0,0,0,0,0,0,1,1,0,0,0,0,0,0,1,0,0,0,0,5.5735788721243535,1
744,0,24.0,1,0,16.1,U,Mr,0,0,0,1,0,0,0,0,0,0,0,0,1,0,0,1,0,1,0,0,0,0,0,0,0,2.8390784635086144,0
745,0,31.0,0,0,7.925,U,Mr,1,0,0,1,0,0,0,0,0,0,0,0,1,0,0,1,1,0,0,0,0,0,0,0,0,2.188856327665703,1
746,0,70.0,1,1,71.0,B,Officer,0,1,0,0,0,0,1,0,0,0,0,0,0,0,0,1,0,0,1,0,0,0,0,0,0,4.276666119016055,0
747,0,16.0,1,1,20.25,U,Mr,0,0,0,1,0,0,0,0,0,0,1,0,0,0,0,1,0,0,1,0,0,0,0,0,0,3.056356895370426,0
748,1,30.0,0,0,13.0,U,Miss,1,0,1,0,0,0,0,0,0,0,0,0,1,0,0,1,1,0,0,0,0,0,0,0,0,2.6390573296152584,1
749,0,19.0,1,0,53.1,D,Mr,0,1,0,0,0,0,0,0,0,0,0,0,1,0,0,1,0,1,0,0,0,0,0,0,0,3.9908341858524357,0
750,0,31.0,0,0,7.75,U,Mr,1,0,0,1,0,0,0,0,0,0,0,0,1,0,1,0,1,0,0,0,0,0,0,0,0,2.169053700369523,0
751,1,4.0,1,1,23.0,U,Miss,0,0,1,0,0,0,0,0,0,0,0,1,0,0,0,1,0,0,1,0,0,0,0,0,0,3.1780538303479458,1
752,0,6.0,0,1,12.475,E,Master,0,0,0,1,0,1,0,0,0,0,0,0,0,0,0,1,0,1,0,0,0,0,0,0,0,2.600836116795061,1
753,0,33.0,0,0,9.5,U,Mr,1,0,0,1,0,0,0,0,0,0,0,0,1,0,0,1,1,0,0,0,0,0,0,0,0,2.3513752571634776,0
754,0,23.0,0,0,7.8958,U,Mr,1,0,0,1,0,0,0,0,0,0,0,0,1,0,0,1,1,0,0,0,0,0,0,0,0,2.1855792552411137,0
755,1,48.0,1,2,65.0,U,Mrs,0,0,1,0,0,0,0,0,1,0,0,0,0,0,0,1,0,0,0,1,0,0,0,0,0,4.189654742026425,1
756,0,0.67,1,1,14.5,U,Master,0,0,1,0,0,0,0,1,0,0,0,0,0,0,0,1,0,0,1,0,0,0,0,0,0,2.740840023925201,1
757,0,28.0,0,0,7.7958,U,Mr,1,0,0,1,0,0,0,0,0,0,0,0,1,0,0,1,1,0,0,0,0,0,0,0,0,2.174274334826008,0
758,0,18.0,0,0,11.5,U,Mr,1,0,1,0,0,0,0,0,0,0,1,0,0,0,0,1,1,0,0,0,0,0,0,0,0,2.5257286443082556,0
759,0,34.0,0,0,8.05,U,Mr,1,0,0,1,0,0,0,0,0,0,0,0,1,0,0,1,1,0,0,0,0,0,0,0,0,2.2027647577118348,0
760,1,33.0,0,0,86.5,B,Nobility,1,1,0,0,0,0,0,0,0,0,0,0,1,0,0,1,1,0,0,0,0,0,0,0,0,4.471638793363569,1
761,0,26.0,0,0,14.5,U,Mr,1,0,0,1,0,0,0,0,0,0,0,0,1,0,0,1,1,0,0,0,0,0,0,0,0,2.740840023925201,0
762,0,41.0,0,0,7.125,U,Mr,1,0,0,1,1,0,0,0,0,0,0,0,0,0,0,1,1,0,0,0,0,0,0,0,0,2.094945728215801,0
763,0,20.0,0,0,7.2292,U,Mr,1,0,0,1,0,0,0,0,0,0,0,0,1,1,0,0,1,0,0,0,0,0,0,0,0,2.1076888046179385,1
764,1,36.0,1,2,120.0,B,Mrs,0,1,0,0,1,0,0,0,0,0,0,0,0,0,0,1,0,0,0,1,0,0,0,0,0,4.795790545596741,1
765,0,16.0,0,0,7.775,U,Mr,1,0,0,1,0,0,0,0,0,0,1,0,0,0,0,1,1,0,0,0,0,0,0,0,0,2.1719067693519296,0
766,1,51.0,1,0,77.9583,D,Mrs,0,1,0,0,0,0,0,0,1,0,0,0,0,0,0,1,0,1,0,0,0,0,0,0,0,4.368919865004903,1
767,0,52.0,0,0,39.6,U,Officer,1,1,0,0,0,0,0,0,1,0,0,0,0,1,0,0,1,0,0,0,0,0,0,0,0,3.703768066607687,0
768,1,30.5,0,0,7.75,U,Miss,1,0,0,1,0,0,0,0,0,0,0,0,1,0,1,0,1,0,0,0,0,0,0,0,0,2.169053700369523,0
769,0,26.0,1,0,24.15,U,Mr,0,0,0,1,0,0,0,0,0,0,0,0,1,0,1,0,0,1,0,0,0,0,0,0,0,3.224857896545748,0
770,0,32.0,0,0,8.3625,U,Mr,1,0,0,1,0,0,0,0,0,0,0,0,1,0,0,1,1,0,0,0,0,0,0,0,0,2.236712348843338,0
771,0,24.0,0,0,9.5,U,Mr,1,0,0,1,0,0,0,0,0,0,0,0,1,0,0,1,1,0,0,0,0,0,0,0,0,2.3513752571634776,0
772,0,48.0,0,0,7.8542,U,Mr,1,0,0,1,0,0,0,0,1,0,0,0,0,0,0,1,1,0,0,0,0,0,0,0,0,2.180891922715322,0
773,1,57.0,0,0,10.5,E,Mrs,1,0,1,0,0,0,0,0,0,1,0,0,0,0,0,1,1,0,0,0,0,0,0,0,0,2.4423470353692043,0
774,0,26.0,0,0,7.225,U,Mr,1,0,0,1,0,0,0,0,0,0,0,0,1,1,0,0,1,0,0,0,0,0,0,0,0,2.1071782966514356,0
775,1,54.0,1,3,23.0,U,Mrs,0,0,1,0,0,0,0,0,1,0,0,0,0,0,0,1,0,0,0,0,1,0,0,0,0,3.1780538303479458,1
776,0,18.0,0,0,7.75,U,Mr,1,0,0,1,0,0,0,0,0,0,1,0,0,0,0,1,1,0,0,0,0,0,0,0,0,2.169053700369523,0
777,0,26.0,0,0,7.75,F,Mr,1,0,0,1,0,0,0,0,0,0,0,0,1,0,1,0,1,0,0,0,0,0,0,0,0,2.169053700369523,0
778,1,5.0,0,0,12.475,U,Miss,1,0,0,1,0,1,0,0,0,0,0,0,0,0,0,1,1,0,0,0,0,0,0,0,0,2.600836116795061,1
779,0,26.0,0,0,7.7375,U,Mr,1,0,0,1,0,0,0,0,0,0,0,0,1,0,1,0,1,0,0,0,0,0,0,0,0,2.1676241075599285,0
780,1,43.0,0,1,211.3375,B,Mrs,0,1,0,0,1,0,0,0,0,0,0,0,0,0,0,1,0,1,0,0,0,0,0,0,0,5.35817698994543,1
781,1,13.0,0,0,7.2292,U,Miss,1,0,0,1,0,1,0,0,0,0,0,0,0,1,0,0,1,0,0,0,0,0,0,0,0,2.1076888046179385,1
782,1,17.0,1,0,57.0,B,Mrs,0,1,0,0,0,0,0,0,0,0,1,0,0,0,0,1,0,1,0,0,0,0,0,0,0,4.060443010546419,1
783,0,29.0,0,0,30.0,D,Mr,1,1,0,0,0,0,0,0,0,0,0,0,1,0,0,1,1,0,0,0,0,0,0,0,0,3.4339872044851463,0
784,0,26.0,1,2,23.45,U,Mr,0,0,0,1,0,0,0,0,0,0,0,0,1,0,0,1,0,0,0,1,0,0,0,0,0,3.196630215920881,0
785,0,25.0,0,0,7.05,U,Mr,1,0,0,1,0,0,0,0,0,0,0,0,1,0,0,1,1,0,0,0,0,0,0,0,0,2.0856720914304723,0
786,0,25.0,0,0,7.25,U,Mr,1,0,0,1,0,0,0,0,0,0,0,0,1,0,0,1,1,0,0,0,0,0,0,0,0,2.1102132003465894,0
787,1,18.0,0,0,7.4958,U,Miss,1,0,0,1,0,0,0,0,0,0,1,0,0,0,0,1,1,0,0,0,0,0,0,0,0,2.139571923732859,1
788,0,8.0,4,1,29.125,U,Master,0,0,0,1,0,1,0,0,0,0,0,0,0,0,1,0,0,0,0,0,0,1,0,0,0,3.405355391810819,0
789,0,1.0,1,2,20.575,U,Master,0,0,0,1,0,0,0,1,0,0,0,0,0,0,0,1,0,0,0,1,0,0,0,0,0,3.0715352369694915,1
790,0,46.0,0,0,79.2,B,Mr,1,1,0,0,0,0,0,0,1,0,0,0,0,1,0,0,1,0,0,0,0,0,0,0,0,4.384523514872469,0
791,0,26.0,0,0,7.75,U,Mr,1,0,0,1,0,0,0,0,0,0,0,0,1,0,1,0,1,0,0,0,0,0,0,0,0,2.169053700369523,0
792,0,16.0,0,0,26.0,U,Mr,1,0,1,0,0,0,0,0,0,0,1,0,0,0,0,1,1,0,0,0,0,0,0,0,0,3.295836866004329,0
793,1,18.0,8,2,69.55,U,Miss,0,0,0,1,0,0,0,0,0,0,1,0,0,0,0,1,0,0,0,0,0,0,0,0,1,4.256321678298823,0
794,0,41.5,0,0,30.6958,U,Mr,1,1,0,0,1,0,0,0,0,0,0,0,0,1,0,0,1,0,0,0,0,0,0,0,0,3.4561841799918147,0
795,0,25.0,0,0,7.8958,U,Mr,1,0,0,1,0,0,0,0,0,0,0,0,1,0,0,1,1,0,0,0,0,0,0,0,0,2.1855792552411137,0
796,0,39.0,0,0,13.0,U,Mr,1,0,1,0,1,0,0,0,0,0,0,0,0,0,0,1,1,0,0,0,0,0,0,0,0,2.6390573296152584,0
797,1,49.0,0,0,25.9292,D,Officer,1,1,0,0,0,0,0,0,1,0,0,0,0,0,0,1,1,0,0,0,0,0,0,0,0,3.2932111997353943,1
798,1,31.0,0,0,8.6833,U,Mrs,1,0,0,1,0,0,0,0,0,0,0,0,1,0,0,1,1,0,0,0,0,0,0,0,0,2.270402752283094,1
799,0,30.0,0,0,7.2292,U,Mr,1,0,0,1,0,0,0,0,0,0,0,0,1,1,0,0,1,0,0,0,0,0,0,0,0,2.1076888046179385,0
800,1,30.0,1,1,24.15,U,Mrs,0,0,0,1,0,0,0,0,0,0,0,0,1,0,0,1,0,0,1,0,0,0,0,0,0,3.224857896545748,0
801,0,34.0,0,0,13.0,U,Mr,1,0,1,0,0,0,0,0,0,0,0,0,1,0,0,1,1,0,0,0,0,0,0,0,0,2.6390573296152584,0
802,1,31.0,1,1,26.25,U,Mrs,0,0,1,0,0,0,0,0,0,0,0,0,1,0,0,1,0,0,1,0,0,0,0,0,0,3.305053521109253,1
803,0,11.0,1,2,120.0,B,Master,0,1,0,0,0,1,0,0,0,0,0,0,0,0,0,1,0,0,0,1,0,0,0,0,0,4.795790545596741,1
804,0,0.42,0,1,8.5167,U,Master,0,0,0,1,0,0,0,1,0,0,0,0,0,1,0,0,0,1,0,0,0,0,0,0,0,2.2530481500547457,1
805,0,27.0,0,0,6.975,U,Mr,1,0,0,1,0,0,0,0,0,0,0,0,1,0,0,1,1,0,0,0,0,0,0,0,0,2.076311648670908,1
806,0,31.0,0,0,7.775,U,Mr,1,0,0,1,0,0,0,0,0,0,0,0,1,0,0,1,1,0,0,0,0,0,0,0,0,2.1719067693519296,0
807,0,39.0,0,0,0.0,A,Mr,1,1,0,0,1,0,0,0,0,0,0,0,0,0,0,1,1,0,0,0,0,0,0,0,0,0.0,0
808,1,18.0,0,0,7.775,U,Miss,1,0,0,1,0,0,0,0,0,0,1,0,0,0,0,1,1,0,0,0,0,0,0,0,0,2.1719067693519296,0
809,0,39.0,0,0,13.0,U,Mr,1,0,1,0,1,0,0,0,0,0,0,0,0,0,0,1,1,0,0,0,0,0,0,0,0,2.6390573296152584,0
810,1,33.0,1,0,53.1,E,Mrs,0,1,0,0,0,0,0,0,0,0,0,0,1,0,0,1,0,1,0,0,0,0,0,0,0,3.9908341858524357,1
811,0,26.0,0,0,7.8875,U,Mr,1,0,0,1,0,0,0,0,0,0,0,0,1,0,0,1,1,0,0,0,0,0,0,0,0,2.184645795129359,0
812,0,39.0,0,0,24.15,U,Mr,1,0,0,1,1,0,0,0,0,0,0,0,0,0,0,1,1,0,0,0,0,0,0,0,0,3.224857896545748,0
813,0,35.0,0,0,10.5,U,Mr,1,0,1,0,0,0,0,0,0,0,0,0,1,0,0,1,1,0,0,0,0,0,0,0,0,2.4423470353692043,0
814,1,6.0,4,2,31.275,U,Miss,0,0,0,1,0,1,0,0,0,0,0,0,0,0,0,1,0,0,0,0,0,0,1,0,0,3.4742929367327062,0
815,0,30.5,0,0,8.05,U,Mr,1,0,0,1,0,0,0,0,0,0,0,0,1,0,0,1,1,0,0,0,0,0,0,0,0,2.2027647577118348,0
816,0,41.5,0,0,0.0,B,Mr,1,1,0,0,1,0,0,0,0,0,0,0,0,0,0,1,1,0,0,0,0,0,0,0,0,0.0,0
817,1,23.0,0,0,7.925,U,Miss,1,0,0,1,0,0,0,0,0,0,0,0,1,0,0,1,1,0,0,0,0,0,0,0,0,2.188856327665703,0
818,0,31.0,1,1,37.0042,U,Mr,0,0,1,0,0,0,0,0,0,0,0,0,1,1,0,0,0,0,1,0,0,0,0,0,0,3.637696679934592,0
819,0,43.0,0,0,6.45,U,Mr,1,0,0,1,1,0,0,0,0,0,0,0,0,0,0,1,1,0,0,0,0,0,0,0,0,2.0082140323914683,0
820,0,10.0,3,2,27.9,U,Master,0,0,0,1,0,1,0,0,0,0,0,0,0,0,0,1,0,0,0,0,0,1,0,0,0,3.3638415951183864,0
821,1,52.0,1,1,93.5,B,Mrs,0,1,0,0,0,0,0,0,1,0,0,0,0,0,0,1,0,0,1,0,0,0,0,0,0,4.548599834499697,1
822,0,27.0,0,0,8.6625,U,Mr,1,0,0,1,0,0,0,0,0,0,0,0,1,0,0,1,1,0,0,0,0,0,0,0,0,2.2682524139135403,1
823,0,38.0,0,0,0.0,U,Nobility,1,1,0,0,1,0,0,0,0,0,0,0,0,0,0,1,1,0,0,0,0,0,0,0,0,0.0,0
824,1,27.0,0,1,12.475,E,Mrs,0,0,0,1,0,0,0,0,0,0,0,0,1,0,0,1,0,1,0,0,0,0,0,0,0,2.600836116795061,1
825,0,2.0,4,1,39.6875,U,Master,0,0,0,1,0,0,0,0,0,0,0,1,0,0,0,1,0,0,0,0,0,1,0,0,0,3.705920919968788,0
826,0,26.0,0,0,6.95,U,Mr,1,0,0,1,0,0,0,0,0,0,0,0,1,0,1,0,1,0,0,0,0,0,0,0,0,2.0731719286662407,0
827,0,26.0,0,0,56.4958,U,Mr,1,0,0,1,0,0,0,0,0,0,0,0,1,0,0,1,1,0,0,0,0,0,0,0,0,4.05171190165724,0
828,0,1.0,0,2,37.0042,U,Master,0,0,1,0,0,0,0,1,0,0,0,0,0,1,0,0,0,0,1,0,0,0,0,0,0,3.637696679934592,1
829,0,26.0,0,0,7.75,U,Mr,1,0,0,1,0,0,0,0,0,0,0,0,1,0,1,0,1,0,0,0,0,0,0,0,0,2.169053700369523,1
830,1,62.0,0,0,80.0,B,Mrs,1,1,0,0,0,0,0,0,0,1,0,0,0,1,0,0,1,0,0,0,0,0,0,0,0,4.394449154672439,1
831,1,15.0,1,0,14.4542,U,Mrs,0,0,0,1,0,0,0,0,0,0,1,0,0,1,0,0,0,1,0,0,0,0,0,0,0,2.737880811060884,1
832,0,0.83,1,1,18.75,U,Master,0,0,1,0,0,0,0,1,0,0,0,0,0,0,0,1,0,0,1,0,0,0,0,0,0,2.9831534913471307,1
833,0,26.0,0,0,7.2292,U,Mr,1,0,0,1,0,0,0,0,0,0,0,0,1,1,0,0,1,0,0,0,0,0,0,0,0,2.1076888046179385,0
834,0,23.0,0,0,7.8542,U,Mr,1,0,0,1,0,0,0,0,0,0,0,0,1,0,0,1,1,0,0,0,0,0,0,0,0,2.180891922715322,0
835,0,18.0,0,0,8.3,U,Mr,1,0,0,1,0,0,0,0,0,0,1,0,0,0,0,1,1,0,0,0,0,0,0,0,0,2.2300144001592104,0
836,1,39.0,1,1,83.1583,E,Miss,0,1,0,0,1,0,0,0,0,0,0,0,0,1,0,0,0,0,1,0,0,0,0,0,0,4.432699549165613,1
837,0,21.0,0,0,8.6625,U,Mr,1,0,0,1,0,0,0,0,0,0,0,0,1,0,0,1,1,0,0,0,0,0,0,0,0,2.2682524139135403,0
838,0,26.0,0,0,8.05,U,Mr,1,0,0,1,0,0,0,0,0,0,0,0,1,0,0,1,1,0,0,0,0,0,0,0,0,2.2027647577118348,0
839,0,32.0,0,0,56.4958,U,Mr,1,0,0,1,0,0,0,0,0,0,0,0,1,0,0,1,1,0,0,0,0,0,0,0,0,4.05171190165724,1
840,0,41.5,0,0,29.7,C,Mr,1,1,0,0,1,0,0,0,0,0,0,0,0,1,0,0,1,0,0,0,0,0,0,0,0,3.4242626545931514,1
841,0,20.0,0,0,7.925,U,Mr,1,0,0,1,0,0,0,0,0,0,0,0,1,0,0,1,1,0,0,0,0,0,0,0,0,2.188856327665703,0
842,0,16.0,0,0,10.5,U,Mr,1,0,1,0,0,0,0,0,0,0,1,0,0,0,0,1,1,0,0,0,0,0,0,0,0,2.4423470353692043,0
843,1,30.0,0,0,31.0,U,Miss,1,1,0,0,0,0,0,0,0,0,0,0,1,1,0,0,1,0,0,0,0,0,0,0,0,3.4657359027997265,1
844,0,34.5,0,0,6.4375,U,Mr,1,0,0,1,0,0,0,0,0,0,0,0,1,1,0,0,1,0,0,0,0,0,0,0,0,2.006534770871748,0
845,0,17.0,0,0,8.6625,U,Mr,1,0,0,1,0,0,0,0,0,0,1,0,0,0,0,1,1,0,0,0,0,0,0,0,0,2.2682524139135403,0
846,0,42.0,0,0,7.55,U,Mr,1,0,0,1,1,0,0,0,0,0,0,0,0,0,0,1,1,0,0,0,0,0,0,0,0,2.145931282948669,0
847,0,26.0,8,2,69.55,U,Mr,0,0,0,1,0,0,0,0,0,0,0,0,1,0,0,1,0,0,0,0,0,0,0,0,1,4.256321678298823,0
848,0,35.0,0,0,7.8958,U,Mr,1,0,0,1,0,0,0,0,0,0,0,0,1,1,0,0,1,0,0,0,0,0,0,0,0,2.1855792552411137,0
849,0,28.0,0,1,33.0,U,Officer,0,0,1,0,0,0,0,0,0,0,0,0,1,0,0,1,0,1,0,0,0,0,0,0,0,3.5263605246161616,0
850,1,45.0,1,0,89.1042,C,Mrs,0,1,0,0,1,0,0,0,0,0,0,0,0,1,0,0,0,1,0,0,0,0,0,0,0,4.500966778400217,1
851,0,4.0,4,2,31.275,U,Master,0,0,0,1,0,0,0,0,0,0,0,1,0,0,0,1,0,0,0,0,0,0,1,0,0,3.4742929367327062,0
852,0,74.0,0,0,7.775,U,Mr,1,0,0,1,0,0,1,0,0,0,0,0,0,0,0,1,1,0,0,0,0,0,0,0,0,2.1719067693519296,0
853,1,9.0,1,1,15.2458,U,Miss,0,0,0,1,0,1,0,0,0,0,0,0,0,1,0,0,0,0,1,0,0,0,0,0,0,2.7878344138303452,0
854,1,16.0,0,1,39.4,D,Miss,0,1,0,0,0,0,0,0,0,0,1,0,0,0,0,1,0,1,0,0,0,0,0,0,0,3.6988297849671046,1
855,1,44.0,1,0,26.0,U,Mrs,0,0,1,0,1,0,0,0,0,0,0,0,0,0,0,1,0,1,0,0,0,0,0,0,0,3.295836866004329,0
856,1,18.0,0,1,9.35,U,Mrs,0,0,0,1,0,0,0,0,0,0,1,0,0,0,0,1,0,1,0,0,0,0,0,0,0,2.336986519711378,1
857,1,45.0,1,1,164.8667,U,Mrs,0,1,0,0,1,0,0,0,0,0,0,0,0,0,0,1,0,0,1,0,0,0,0,0,0,5.11118445372147,1
858,0,51.0,0,0,26.55,E,Mr,1,1,0,0,0,0,0,0,1,0,0,0,0,0,0,1,1,0,0,0,0,0,0,0,0,3.3160025355989236,1
859,1,24.0,0,3,19.2583,U,Mrs,0,0,0,1,0,0,0,0,0,0,0,0,1,1,0,0,0,0,0,1,0,0,0,0,0,3.0085645861193133,1
860,0,26.0,0,0,7.2292,U,Mr,1,0,0,1,0,0,0,0,0,0,0,0,1,1,0,0,1,0,0,0,0,0,0,0,0,2.1076888046179385,0
861,0,41.0,2,0,14.1083,U,Mr,0,0,0,1,1,0,0,0,0,0,0,0,0,0,0,1,0,0,1,0,0,0,0,0,0,2.7152442616824506,0
862,0,21.0,1,0,11.5,U,Mr,0,0,1,0,0,0,0,0,0,0,0,0,1,0,0,1,0,1,0,0,0,0,0,0,0,2.5257286443082556,0
863,1,48.0,0,0,25.9292,D,Mrs,1,1,0,0,0,0,0,0,1,0,0,0,0,0,0,1,1,0,0,0,0,0,0,0,0,3.2932111997353943,1
864,1,18.0,8,2,69.55,U,Miss,0,0,0,1,0,0,0,0,0,0,1,0,0,0,0,1,0,0,0,0,0,0,0,0,1,4.256321678298823,0
865,0,24.0,0,0,13.0,U,Mr,1,0,1,0,0,0,0,0,0,0,0,0,1,0,0,1,1,0,0,0,0,0,0,0,0,2.6390573296152584,0
866,1,42.0,0,0,13.0,U,Mrs,1,0,1,0,1,0,0,0,0,0,0,0,0,0,0,1,1,0,0,0,0,0,0,0,0,2.6390573296152584,1
867,1,27.0,1,0,13.8583,U,Miss,0,0,1,0,0,0,0,0,0,0,0,0,1,1,0,0,0,1,0,0,0,0,0,0,0,2.698558631668595,1
868,0,31.0,0,0,50.4958,A,Mr,1,1,0,0,0,0,0,0,0,0,0,0,1,0,0,1,1,0,0,0,0,0,0,0,0,3.941500250945973,0
869,0,26.0,0,0,9.5,U,Mr,1,0,0,1,0,0,0,0,0,0,0,0,1,0,0,1,1,0,0,0,0,0,0,0,0,2.3513752571634776,0
870,0,4.0,1,1,11.1333,U,Master,0,0,0,1,0,0,0,0,0,0,0,1,0,0,0,1,0,0,1,0,0,0,0,0,0,2.495953738718064,1
871,0,26.0,0,0,7.8958,U,Mr,1,0,0,1,0,0,0,0,0,0,0,0,1,0,0,1,1,0,0,0,0,0,0,0,0,2.1855792552411137,0
872,1,47.0,1,1,52.5542,D,Mrs,0,1,0,0,0,0,0,0,1,0,0,0,0,0,0,1,0,0,1,0,0,0,0,0,0,3.9806942251907276,1
873,0,33.0,0,0,5.0,B,Mr,1,1,0,0,0,0,0,0,0,0,0,0,1,0,0,1,1,0,0,0,0,0,0,0,0,1.791759469228055,0
874,0,47.0,0,0,9.0,U,Mr,1,0,0,1,0,0,0,0,1,0,0,0,0,0,0,1,1,0,0,0,0,0,0,0,0,2.302585092994046,0
875,1,28.0,1,0,24.0,U,Mrs,0,0,1,0,0,0,0,0,0,0,0,0,1,1,0,0,0,1,0,0,0,0,0,0,0,3.2188758248682006,1
876,1,15.0,0,0,7.225,U,Miss,1,0,0,1,0,0,0,0,0,0,1,0,0,1,0,0,1,0,0,0,0,0,0,0,0,2.1071782966514356,1
877,0,20.0,0,0,9.8458,U,Mr,1,0,0,1,0,0,0,0,0,0,0,0,1,0,0,1,1,0,0,0,0,0,0,0,0,2.3837779082709782,0
878,0,19.0,0,0,7.8958,U,Mr,1,0,0,1,0,0,0,0,0,0,0,0,1,0,0,1,1,0,0,0,0,0,0,0,0,2.1855792552411137,0
879,0,26.0,0,0,7.8958,U,Mr,1,0,0,1,0,0,0,0,0,0,0,0,1,0,0,1,1,0,0,0,0,0,0,0,0,2.1855792552411137,0
880,1,56.0,0,1,83.1583,C,Mrs,0,1,0,0,0,0,0,0,0,1,0,0,0,1,0,0,0,1,0,0,0,0,0,0,0,4.432699549165613,1
881,1,25.0,0,1,26.0,U,Mrs,0,0,1,0,0,0,0,0,0,0,0,0,1,0,0,1,0,1,0,0,0,0,0,0,0,3.295836866004329,1
882,0,33.0,0,0,7.8958,U,Mr,1,0,0,1,0,0,0,0,0,0,0,0,1,0,0,1,1,0,0,0,0,0,0,0,0,2.1855792552411137,0
883,1,22.0,0,0,10.5167,U,Miss,1,0,0,1,0,0,0,0,0,0,0,0,1,0,0,1,1,0,0,0,0,0,0,0,0,2.4437981558973862,0
884,0,28.0,0,0,10.5,U,Mr,1,0,1,0,0,0,0,0,0,0,0,0,1,0,0,1,1,0,0,0,0,0,0,0,0,2.4423470353692043,0
885,0,25.0,0,0,7.05,U,Mr,1,0,0,1,0,0,0,0,0,0,0,0,1,0,0,1,1,0,0,0,0,0,0,0,0,2.0856720914304723,0
886,1,39.0,0,5,29.125,U,Mrs,0,0,0,1,1,0,0,0,0,0,0,0,0,0,1,0,0,0,0,0,0,1,0,0,0,3.405355391810819,0
887,0,27.0,0,0,13.0,U,Officer,1,0,1,0,0,0,0,0,0,0,0,0,1,0,0,1,1,0,0,0,0,0,0,0,0,2.6390573296152584,0
888,1,19.0,0,0,30.0,B,Miss,1,1,0,0,0,0,0,0,0,0,0,0,1,0,0,1,1,0,0,0,0,0,0,0,0,3.4339872044851463,1
889,1,18.0,1,2,23.45,U,Miss,0,0,0,1,0,0,0,0,0,0,1,0,0,0,0,1,0,0,0,1,0,0,0,0,0,3.196630215920881,0
890,0,26.0,0,0,30.0,C,Mr,1,1,0,0,0,0,0,0,0,0,0,0,1,1,0,0,1,0,0,0,0,0,0,0,0,3.4339872044851463,1
891,0,32.0,0,0,7.75,U,Mr,1,0,0,1,0,0,0,0,0,0,0,0,1,0,1,0,1,0,0,0,0,0,0,0,0,2.169053700369523,0
